{
  "1st Diagnostics": "1st Diagnostics",
  "20/20 Eye Center": "20/20 Eye Center",
  "A Plus Chiropractic": "A Plus Chiropractic",
  "Adair Family Medical Center": "Adair Family Medical Center",
  "Advanced Injury Rehab": "Advanced Injury Rehab",
  "Advanced Injury Rehab (physical therapy)": "Advanced Injury Rehab",
  "Advocate Medical Group Outpatient Center": "Advocate Medical Group Outpatient Center",
  "Aiken Family Dentistry": "Aiken Family Dentistry",
  "Air Evac EMS Inc Prestonsburg": "Air Evac EMS Inc Prestonsburg",
  "Air Methods": "Air Methods",
  "AirEvac LifeTeam": "AirEvac LifeTeam",
  "Allstar Chiropractic": "Allstar Chiropractic",
  "Ambulance Service Corp": "Ambulance Service Corp",
  "AmeriPro EMS Of Kentucky & Indiana": "AmeriPro EMS Of Kentucky & Indiana",
  "AmeriPro EMS Of Kentucky & Indiana (emergency medical services)": "AmeriPro EMS Of Kentucky & Indiana",
  "Anchorage Middletown Fire & EMS": "Anchorage Middletown Fire & EMS",
  "Anointed Hands Injury Rehab": "Anointed Hands Injury Rehab",
  "Aptiva": "Aptiva Health",
  "Aptiva (Dr. Lisa Manderino)": "Aptiva Health",
  "Aptiva Health": "Aptiva Health",
  "Aptiva Health (None)": "Aptiva Health",
  "Audubon Hospital": "Norton Audubon Hospital",
  "Axon Medical Centers": "Axon Medical Centers",
  "Axon Medical Centers (hospital)": "Axon Medical Centers",
  "Baptist Health - Corbin": "Baptist Health Corbin",
  "Baptist Health - Neurology": "Baptist Health Neurology",
  "Baptist Health - Orthopedic & Sport Medicine": "Baptist Health Medical Group Sports Medicine",
  "Baptist Health ER & Urgent Care": "Baptist Health ER & Urgent Care",
  "Baptist Health Hardin": "Baptist Health Hardin Cardiac Imaging & Urgent Care",
  "Baptist Health La Grange": "Baptist Health La Grange",
  "Baptist Health Louisville": "Baptist Health Louisville",
  "Baptist Health Medical Group - Orthopedics": "Baptist Health Medical Group Orthopedics",
  "Baptist Health Medical Group Neurology": "Baptist Health Medical Group Neurology",
  "Baptist Health Medical Group Neurology & Neurosurgery": "Baptist Health Medical Group Neurology",
  "Baptist Health Medical Group Orthopedics - Floyd": "Baptist Health Medical Group Orthopedics",
  "Baptist Health Medical Group Primary Care": "Baptist Health Medical Group Primary Care",
  "Baptist Health Medical Group Primary Care St. Mathews": "Baptist Health Medical Group Primary Care",
  "Baptist Health Medical Group Sports Medicine": "Baptist Health Medical Group Sports Medicine",
  "Baptist Health Occupational Medicine - Fern Valley": "Baptist Health Occupational Medicine",
  "Baptist Neurology - Corbin": "Baptist Health Neurology",
  "Baptist Neurology - Corbin (neurology)": "Baptist Health Neurology",
  "Bellevue-Dayton Fire/EMS": "Bellevue-Dayton Fire/EMS",
  "BioKinetics": "BioKinetics",
  "Bluegrass Home Medical": "Bluegrass Home Medical",
  "Bluegrass Orthopaedices": "Bluegrass Orthopaedics",
  "Bluegrass Orthopaedics (Dr. Huff)": "Bluegrass Orthopaedics",
  "Boyle County Emergency Med Services": "Boyle County Emergency Med Services",
  "Bullitt County EMS": "Bullitt County EMS",
  "Capitol Pain Institute of Kentucky": "Capitol Pain Institute of Kentucky",
  "Cassol Eye": "Cassol Eye",
  "Cave City Fire Department": "Cave City Fire Department",
  "Center Metro Pain Relief": "Center Metro Pain Relief",
  "Central Kentucky Radiology": "Central Kentucky Radiology",
  "Clark Clinic Neurology": "Clark Clinic Neurology",
  "Clark Clinic Neurology (neurology)": "Clark Clinic Neurology",
  "Clark Regional Medical Center": "Clark Regional Medical Center",
  "Clinical Associates": "Clinical Associates",
  "Commonwealth Anesthesia": "Commonwealth Anesthesia",
  "Commonwealth Health Corporation": "Commonwealth Health Corporation",
  "Commonwealth Pain And Spine": "Commonwealth Pain And Spine",
  "Commonwealth Pain And Spine Bowling Green": "Commonwealth Pain And Spine Bowling Green",
  "Compass Emergency Physicians": "Compass Emergency Physicians",
  "Concentra Medical Center": "Concentra Medical Center",
  "Concentra Medical Center (hospital)": "Concentra Medical Center",
  "Corbin Imaging And Diagnostic Center": "Corbin Imaging And Diagnostic Center",
  "Corbin Imaging And Diagnostic Center (radiology)": "Corbin Imaging And Diagnostic Center",
  "Cressman Neurological Rehabilitation": "Cressman Neurological Rehabilitation",
  "Cutting Edge Orthopedics": "Cutting Edge Orthopedics",
  "Cutting Edge Orthopedics (orthopedic)": "Cutting Edge Orthopedics",
  "Deaconess Clinic - Letcher PCP": "Deaconess Clinic - Letcher PCP",
  "Deaconess Henderson Hospital": "Deaconess Henderson Hospital",
  "Deaconess Midtown Hospital": "Deaconess Midtown Hospital",
  "Diagnostic Imaging Alliance of Louisville": "Diagnostic Imaging Alliance of Louisville",
  "Diagnostic Imaging Alliance of Louisville (radiology)": "Diagnostic Imaging Alliance of Louisville",
  "Diagnostic X-Ray Physicians PSC": "Diagnostic X-Ray Physicians PSC",
  "Dixie Injury And Rehab": "Dixie Injury And Rehab",
  "Dixie Injury And Rehab (physical therapy)": "Dixie Injury And Rehab",
  "Doverside Emergency Physicians, PLLC": "Doverside Emergency Physicians, PLLC",
  "ENT Associates": "ENT Associates",
  "East Broadway Family Health Center": "East Broadway Family Health Center",
  "Elizabethtown Emergency Physicians": "Elizabethtown Emergency Physicians",
  "Ephraim McDowell Regional Medical Center": "Ephraim McDowell Regional Medical Center",
  "Evansville Radiology P.C": "Evansville Radiology P.C",
  "Family Care Of The Bluegrass - East": "Family Care Of The Bluegrass - East",
  "Family Health Centers - Portland": "Family Health Centers - Portland",
  "Family Health Centers-Portland": "Family Health Centers - Portland",
  "Fern Creek Fire & EMS": "Fern Creek Fire & EMS",
  "Florence Fire/EMS": "Florence Fire/EMS",
  "Fort Wright Fire Department Ambulance": "Fort Wright Fire Department Ambulance",
  "Foundation Radiology": "Foundation Radiology",
  "Frankfort Fire & EMS": "Frankfort Fire & EMS",
  "Frankfort Regional Medical Center": "Frankfort Regional Medical Center",
  "Gould's Discount Medical": "Gould's Discount Medical",
  "Grace Health": "Grace Health",
  "Grant Chiropractic Center": "Grant Chiropractic Center",
  "Grant Chiropractic Center (Dr. Anthony Grant)": "Grant Chiropractic Center",
  "Hardin County EMS": "Hardin County EMS",
  "Health Lift Pharmacy Service, LLC": "Health Lift Pharmacy Service, LLC",
  "Heartland Diagnostics LLC": "Heartland Diagnostics LLC",
  "Heartland Diagnostics, LLC": "Heartland Diagnostics LLC",
  "Heartland Imaging": "Heartland Imaging",
  "Heartland Imaging - Dixie": "Heartland Imaging - Dixie",
  "Innovation Open MRI": "Innovation Open MRI",
  "Innovation Open MRI (None)": "Innovation Open MRI",
  "Integra Medical Imaging": "Integra Medical Imaging",
  "Jefferson Animal Hospital & Regional Emergency Center": "Jefferson Animal Hospital & Regional Emergency Center",
  "KORT Elizabethtown PT": "KORT Elizabethtown PT",
  "KORT Physical Therapy": "KORT Physical Therapy",
  "KORT Physical Therapy - Madisonville": "KORT Physical Therapy - Madisonville",
  "KORT Physical Therapy - Shelbyville": "KORT Physical Therapy - Shelbyville",
  "KORT Physical Therapy - Shelbyville (physical therapy)": "KORT Physical Therapy - Shelbyville",
  "Kentuckiana Oral Maxillofacial & Dental Implant Surgery": "Kentuckiana Oral Maxillofacial & Dental Implant Surgery",
  "Kentucky Indiana Foot & Ankle": "Kentucky Indiana Foot & Ankle",
  "Kentucky Injury Chiropractic And Rehabilitation": "Kentucky Injury Chiropractic And Rehabilitation",
  "Kentucky Orthopedic Clinic - Dr. Ronald Dubin (orthopedic)": "Kentucky Orthopedic Clinic - Dr. Ronald Dubin",
  "Kentucky Pain Associates": "Kentucky Pain Associates Pain Associates PLLC",
  "Kentucky Truck Plant Medical": "Kentucky Truck Plant Medical",
  "Kindred at Home": "Kindred at Home",
  "King's Eye Care": "King's Eye Care",
  "Kroger Pharmacy": "Kroger Pharmacy",
  "Legacy Healthcare": "Legacy Healthcare",
  "Little Clinic": "Little Clinic",
  "Louisville Bone & Joint Specialists": "Louisville Bone & Joint Specialists",
  "Louisville Emergency Medical Associates": "Louisville Emergency Medical Associates",
  "Louisville Endodontics": "Louisville Endodontics",
  "Louisville Hospitalist Associates PLLC": "Louisville Hospitalist Associates PLLC",
  "Louisville Metro EMS": "Louisville Metro EMS",
  "Louisville Orthopaedic Clinic": "Louisville Orthopaedic Clinic",
  "Lynn Family Sports & Vision Training - TBI & Concussion Therapy": "Lynn Family Sports & Vision Training - TBI & Concussion Therapy",
  "M. Joseph Medical": "M. Joseph Medical",
  "MEBS Counseling": "MEBS Counseling",
  "Mark Lynn & Associates": "Mark Lynn & Associates",
  "Mark Lynn & Associates (None)": "Mark Lynn & Associates",
  "Mayo Spine Clinic": "Mayo Spine Clinic",
  "Mayo Spine Clinic (None)": "Mayo Spine Clinic",
  "Med Center Health": "Med Center Health",
  "Metro Pain Relief Center": "Center Metro Pain Relief",
  "MiiSpine": "MiiSpine",
  "Modern Chiropractic And Injury Care": "Modern Chiropractic And Injury Care",
  "Mohana Arla": "Mohana Arla",
  "Morehead Physical Therapy": "Morehead Physical Therapy",
  "Morehead VA Clinic": "Morehead VA Clinic",
  "Morgan County Ambulance Services": "Morgan County Ambulance Services",
  "Nephrology Associates of Kentuckiana": "Nephrology Associates of Kentuckiana",
  "Neurodiagnostic Center Of Louisville": "Neurodiagnostic Center Of Louisville",
  "New Chapel EMS": "New Chapel EMS",
  "Norton Audubon Hospital": "Norton Audubon Hospital",
  "Norton Brownsboro Hospital": "Norton Brownsboro Hospital",
  "Norton Cancer Institute - Brownsboro": "Norton Cancer Institute",
  "Norton Community Medical Associates - Preston": "Norton Community Medical Associates",
  "Norton Community Medical Associates - Preston (None)": "Norton Community Medical Associates",
  "Norton Healthcare": "Norton Hospital",
  "Norton Hospital": "Norton Hospital",
  "Norton Hospital - Brownsboro": "Norton Brownsboro Hospital",
  "Norton Hospital Downtown": "Norton Hospital",
  "Norton Hospital Downtown (hospital)": "Norton Hospital",
  "Norton Leatherman Spine": "Norton Leatherman Spine",
  "Norton Neuroscience Institute": "Norton Neuroscience Institute",
  "Norton Neuroscience Institute - Brownsboro": "Norton Neuroscience Institute",
  "Norton Neurosciences Spine And Rehabilitation Center": "Norton Neurosciences and Spine Rehabilitation Center",
  "Norton Orthopedic Institute": "Norton Orthopedic Institute",
  "Norton Orthopedic Institute (orthopedic)": "Norton Orthopedic Institute",
  "Norton West Louisville": "Norton West Louisville Hospital",
  "Norton Women's & Children's Hospital": "Norton Women's and Children's Hospital",
  "Norton Women's and Children's Hospital": "Norton Women's and Children's Hospital",
  "OA Therapy": "OA Therapy",
  "OSF PromptCare": "OSF PromptCare",
  "Okolona Fire/EMS": "Okolona Fire/EMS",
  "One Anesthesia, PLLC": "One Anesthesia, PLLC",
  "OrthoCIncy-NKU": "OrthoCIncy-NKU",
  "OrthoCincy": "OrthoCincy",
  "Orthopaedic Associates – East Newburgh": "Orthopaedic Associates - East Newburgh",
  "Orthopedic Associates - West": "Orthopedic Associates - West",
  "PT Pros Physical Therapy And Sports Center": "PT Pros Physical Therapy And Sports Center",
  "PT Pros Physical Therapy And Sports Center (physical therapy)": "PT Pros Physical Therapy And Sports Center",
  "Pain Management Centers Of America": "Pain Management Centers Of America",
  "Park Ridge Medical Center": "Park Ridge Medical Center",
  "Parkridge Medical Center": "Parkridge Medical Center",
  "Parkridge Medical Center (hospital)": "Parkridge Medical Center",
  "Pleasure Ridge Park Fire/EMS": "Pleasure Ridge Park Fire/EMS",
  "Premier Surgery Center of Louisville": "Premier Surgery Center of Louisville",
  "Primary Express Care + Wellness": "Primary Express Care + Wellness",
  "ProRehab": "ProRehab",
  "ProRehab (physical therapy)": "ProRehab",
  "ProRehab Prospect": "ProRehab Prospect",
  "Radiology Alliance PC": "Radiology Alliance PC",
  "Radiology Alliance, PC": "Radiology Alliance PC",
  "Radiology Alliance, PC (Infinity Management)": "Radiology Alliance, PC (Infinity Management)",
  "Radiology Associates Inc": "Radiology Associates Inc",
  "Radiology Associates of Northern Kentucky, PLLC": "Radiology Associates of Northern Kentucky, PLLC",
  "Results Physiotherapy": "Results Physiotherapy",
  "Retina Associates Of KY": "Retina Associates Of KY",
  "River City Orthopedics (Norton Spine Specialist-Rouben & Casnellie) (orthopedic)": "Norton Spine Specialists",
  "Rosenberg Reyes, M.D.": "Rosenberg Reyes, M.D.",
  "SCIOTO VALLEY CHIROPRACTIC AND REHAB CENTER, LLC": "SCIOTO VALLEY CHIROPRACTIC AND REHAB CENTER, LLC",
  "ST. JOSEPH": "CHI Saint Joseph Health",
  "Saint Joseph Berea": "Saint Joseph Berea",
  "Sound Physicians": "Sound Physicians",
  "Southeastern Emergency Physician Services": "Southeastern Emergency Physician Services",
  "Southeastern Emergency Services, LLC": "Southeastern Emergency Services, LLC",
  "Southern Emergency Medical Specialists": "Southern Emergency Medical Specialists",
  "Southern Medical Specialist": "Southern Medical Specialist",
  "Southgate Chiropractic & Massage Wellness Center": "Southgate Chiropractic & Massage Wellness Center",
  "Spring Creek Emergency Phy": "Spring Creek Emergency Phy",
  "St. Elizabeth Physicians Primary Care": "UofL Physicians – Primary Care",
  "St. Mary's": "St. Mary's Medical Center",
  "Starlight": "Starlight Chiropractic",
  "Synergy": "Synergy Injury Care & Rehab Diagnostics",
  "Synergy Injury Care & Rehab Diagnostics": "Synergy Injury Care & Rehab Diagnostics",
  "T.J. Health Pavilion": "T.J. Health Pavilion",
  "THOMPSON CHIROPRACTIC CENTER": "THOMPSON CHIROPRACTIC CENTER",
  "THOMPSON CHIROPRACTIC CENTER (chiropractic)": "THOMPSON CHIROPRACTIC CENTER",
  "THR Pediatrics and Wellness (Dr. Richardson)": "THR Pediatrics and Wellness",
  "Taylor County Chiropractic & Rehabilitation": "Taylor County Chiropractic & Rehabilitation",
  "The Body Shop Physical Therapy": "The Body Shop Physical Therapy",
  "The Christ Hospital Physicians - Primary Care": "The Christ Hospital Physicians - Primary Care",
  "The Injury Centers": "The Injury Centers",
  "The Injury Centers (None)": "The Injury Centers",
  "The Medical Center At Caverna": "The Medical Center At Caverna",
  "The Medical Center at Bowling Green": "The Medical Center at Bowling Green",
  "The State Pharmacy, Inc.": "The State Pharmacy, Inc.",
  "TriStar Skyline Medical Center": "TriStar Skyline Medical Center",
  "Troy Bowling Campus (VA Clinic)": "Troy Bowling Campus (VA Clinic)",
  "UC Gardner Neuroscience Institute": "UC Gardner Neuroscience Institute",
  "UC Health - West Chester Hospital": "UC Health - West Chester Hospital",
  "UK Albert Chandler Hospital": "UK Albert Chandler Hospital",
  "UL Health Medical Center - South": "UL Health Medical Center - South",
  "UL Health Primary Care": "UL Health Primary Care",
  "UL MSW Medical Center Southwest": "UL MSW Medical Center Southwest",
  "UL MSW Medical Center Southwest (hospital)": "UL MSW Medical Center Southwest",
  "ULP Emergency": "ULP Emergency",
  "ULP Podiatry": "ULP Podiatry",
  "ULP Radiological Associates": "ULP Radiological Associates",
  "Ultimate  MD": "Ultimate  MD",
  "University Of Kentucky Neuroscience In": "University Of Kentucky Neuroscience In",
  "University of Cincinnati Medical Center": "University of Cincinnati Medical Center",
  "University of Cincinnati Physicians": "University of Cincinnati Physicians",
  "University of Louisville Hospital": "Norton Audubon Hospital",
  "UofL Downtown": "Norton Cancer Institute Resource Center – Downtown",
  "UofL Health": "UofL Health – Brown Cancer Center – Medical Oncology",
  "UofL Health – Jewish Hospital": "UofL Health – Jewish Hospital",
  "UofL Health – UofL Hospital": "UofL Health – UofL Hospital",
  "UofL Health – UofL Hospital (UofL downtown)": "UofL Health – UofL Hospital",
  "UofL Medical Center East": "UofL Health – Frazier Rehabilitation Institute – Medical Center East",
  "UofL Physicians – Orthopedics": "UofL Physicians – Orthopedics",
  "UofL Physicians – Podiatric Medicine & Surgery": "UofL Physicians – Podiatric Medicine & Surgery",
  "UofL downtown": "UofL Health – UofL Hospital",
  "VA Medical Center Lexington": "VA Medical Center Lexington",
  "VA Medical Center Lexington (hospital)": "VA Medical Center Lexington",
  "VIP Imaging": "VIP Imaging, PLLC",
  "VIP Imaging, PLLC": "VIP Imaging, PLLC",
  "Virtual Radiologic Professionals": "Virtual Radiologic Professionals",
  "West Liberty Physical Therapy & Sports Medicine": "West Liberty Physical Therapy & Sports Medicine",
  "White House Clinics": "White House Clinics Berea",
  "White House Clinics (Berea)": "White House Clinics Berea",
  "William Haney": "William Haney",
  "X-ray Associates": "Xray Associates of Louisville",
  "Xray Associates of Louisville": "Xray Associates of Louisville",
  "Zip Clinic Urgent Care": "Zip Clinic Urgent Care"
}