[
  {
    "name": "Baptist Health Deaconess",
    "address": "Madisonville, KY 42431",
    "phone": "270-825-5100"
  },
  {
    "name": "Baptist Health Corbin",
    "address": "1 Trillium Way, Corbin, KY 40701",
    "phone": "(606) 528-1212"
  },
  {
    "name": "Baptist Health Floyd",
    "address": "1850 State Street, New Albany, IN 47150",
    "phone": ""
  },
  {
    "name": "Baptist Health ER & Urgent Care",
    "address": "3516 East 10th Street, Jeffersonville, IN 47130",
    "phone": "(812) 542-4642"
  },
  {
    "name": "Baptist Health Lexington",
    "address": "1740 Nicholasville Road, Lexington, KY 40503",
    "phone": "(859) 260-6100"
  },
  {
    "name": "Baptist Health Louisville",
    "address": "4000 Kresge Way, Louisville, KY 40207",
    "phone": ""
  },
  {
    "name": "Baptist Health ER & Urgent Care - Glenmary",
    "address": "7702 Bardstown Road, Louisville, KY 40291",
    "phone": "(502) 928-4700"
  },
  {
    "name": "Baptist Health Rehabilitation Hospital",
    "address": "11800 Bluegrass Parkway, Louisville, KY 40299",
    "phone": "502-579-5000"
  },
  {
    "name": "Baptist Health Richmond",
    "address": "801 Eastern Bypass, Richmond, KY 40475",
    "phone": ""
  },
  {
    "name": "Baptist Health Paducah",
    "address": "2501 Kentucky Avenue, Paducah, KY 42003",
    "phone": "(270) 575-2100"
  },
  {
    "name": "Baptist Health La Grange",
    "address": "1025 New Moody Lane, La Grange, KY 40031",
    "phone": "(502) 222-5388"
  },
  {
    "name": "Baptist Health Hardin CAREERS",
    "address": "Elizabethtown, KY 42701",
    "phone": "(270) 737-1212"
  },
  {
    "name": "Baptist Health ER & Urgent Care",
    "address": "11701 Bluegrass Parkway, Louisville, KY 40299",
    "phone": "502-928-4100"
  },
  {
    "name": "Baptist Health Breckenridge Pharmacy",
    "address": "2800 Breckenridge Lane, Louisville, KY 40220",
    "phone": "502-928-0030"
  },
  {
    "name": "Baptist Health Physical Therapy - Breckenridge",
    "address": "2800 Breckenridge Lane, Louisville, KY 40220",
    "phone": "502-928-0040"
  },
  {
    "name": "Baptist Health CAREERS",
    "address": "7725 Highway 62, Suite 100, Charlestown, IN 47111",
    "phone": "(812) 542-4670"
  },
  {
    "name": "Baptist Health Occupational Medicine",
    "address": "646 University Shopping, Richmond, KY 40475",
    "phone": "(859) 623-0535"
  },
  {
    "name": "Baptist Health Occupational Medicine",
    "address": "632 Lone Oak Road, Paducah, KY 42003",
    "phone": "(270) 575-3001"
  },
  {
    "name": "Baptist Health Occupational Medicine",
    "address": "3605 Fern Valley Road, Suite, Louisville, KY 40219",
    "phone": "(502) 964-4889"
  },
  {
    "name": "Baptist Health Occupational Medicine",
    "address": "400 Ring Road, Suite 148, Elizabethtown, KY 42701",
    "phone": "(270) 706-5621"
  },
  {
    "name": "Baptist Health Occupational Medicine",
    "address": "1006 New Moody Lane, Suite, La Grange, KY 40031",
    "phone": "(502) 222-3302"
  },
  {
    "name": "Baptist Health CAREERS",
    "address": "1051 Newtown Pike, Suite 130, Lexington, KY 40511",
    "phone": "(859) 253-0076"
  },
  {
    "name": "Baptist Health Occupational Medicine",
    "address": "11630 Commonwealth Drive, Louisville, KY 40299",
    "phone": "(502) 267-6292"
  },
  {
    "name": "Baptist Health Occupational Medicine",
    "address": "101 Stonecrest Road, Suite 2, Shelbyville, KY 40065",
    "phone": "(502) 805-4800"
  },
  {
    "name": "Baptist Health Physical Therapy - Paducah",
    "address": "115 Kiana Court, Paducah, KY 42001",
    "phone": "(270) 534-1200"
  },
  {
    "name": "Baptist Health Urgent Care - Charlestown Road",
    "address": "5130 Charlestown Road, Suite, New Albany, IN 47150",
    "phone": "(812) 949-1577"
  },
  {
    "name": "Baptist Health Physical CAREERS",
    "address": "201, Bardstown, KY 40004",
    "phone": "502-331-4778"
  },
  {
    "name": "Baptist Health Physical Therapy - Beaumont",
    "address": "3101 Beaumont Centre Circle, Lexington, KY 40513",
    "phone": "(859) 639-1200"
  },
  {
    "name": "Baptist Health Physical Therapy - Eastpoint",
    "address": "2400 Eastpoint Parkway, Suite, Louisville, KY 40223",
    "phone": "(502) 253-6689"
  },
  {
    "name": "Baptist Health Outpatient Therapy Services, a",
    "address": "610 East Brannon Road, Suite, Nicholasville, KY 40356",
    "phone": "(859) 260-5555"
  },
  {
    "name": "Baptist Health Hamburg Pharmacy",
    "address": "3000 Baptist Health Blvd, Lexington, KY 40509",
    "phone": "859-422-8040"
  },
  {
    "name": "Baptist Health Urgent CAREERS",
    "address": "Elizabethtown, KY 42701",
    "phone": "(270) 979-7109"
  },
  {
    "name": "Baptist Health Urgent Care - Radcliff",
    "address": "1360 Rogersville Road, Radcliff, KY 40160",
    "phone": "(270) 351-1150"
  },
  {
    "name": "Baptist Health Urgent Care - Highlander Point",
    "address": "800 Highlander Point Drive, Floyds Knobs, IN 47119",
    "phone": "(812) 923-6336"
  },
  {
    "name": "Baptist Health Physical Therapy - Richmond",
    "address": "644 University Shopping, Richmond, KY 40475",
    "phone": "(859) 624-5684"
  },
  {
    "name": "Baptist Health Physical CAREERS",
    "address": "724 Highlander Point Drive, Floyds Knobs, IN 47119",
    "phone": "(812) 923-0630"
  },
  {
    "name": "Baptist Health Physical Therapy - State Street",
    "address": "2125 State Street, Suite 2, New Albany, IN 47150",
    "phone": "(812) 949-6360"
  },
  {
    "name": "Baptist Health Physical Therapy - Lexington",
    "address": "1051 Newtown Pike, Suite 130, Lexington, KY 40511",
    "phone": "(859) 253-0758"
  },
  {
    "name": "Baptist Health Louisville Pharmacy",
    "address": "4000 Kresge Way, Louisville, KY 40207",
    "phone": "502-928-6930"
  },
  {
    "name": "Baptist Health Urgent Care - La Grange",
    "address": "1006 New Moody Lane, La Grange, KY 40031",
    "phone": "(502) 222-0028"
  },
  {
    "name": "Baptist Health Urgent Care - Taylorsville Road",
    "address": "10216 Taylorsville Road, Suite, Louisville, KY 40299",
    "phone": "(502) 297-0363"
  },
  {
    "name": "Baptist Health Urgent Care - Middletown",
    "address": "12010 Shelbyville Road, Suite, Louisville, KY 40243",
    "phone": "(502) 238-2800"
  },
  {
    "name": "Baptist Health Physical CAREERS",
    "address": "Charlestown, IN 47111",
    "phone": "(812) 256-2147"
  },
  {
    "name": "Baptist Health Urgent Care - Shelbyville",
    "address": "101 Stonecrest Road, Suite 1, Shelbyville, KY 40065",
    "phone": "(502) 633-2233"
  },
  {
    "name": "Baptist Health Urgent Care - Westport Road",
    "address": "3215 Westport Green Place, Louisville, KY 40241",
    "phone": "(502) 412-1112"
  },
  {
    "name": "Baptist Health Urgent Care - Richmond",
    "address": "648 University Shopping, Richmond, KY 40475",
    "phone": "(859) 623-1950"
  },
  {
    "name": "Baptist Health Urgent Care - Paducah",
    "address": "2601 Kentucky Avenue, Suite, Paducah, KY 42003",
    "phone": "(270) 415-4860"
  },
  {
    "name": "Baptist Health Richmond Pharmacy",
    "address": "793 Eastern Bypass, Richmond, KY 40475",
    "phone": "859-626-0076"
  },
  {
    "name": "Baptist Health Physical Therapy - Jeffersontown",
    "address": "10216 Taylorsville Road, Suite, Louisville, KY 40299",
    "phone": "(502) 267-1799"
  },
  {
    "name": "Baptist Health Physical Therapy - Blakenbaker",
    "address": "11630 Commonwealth Drive, Louisville, KY 40299",
    "phone": "(502) 261-8333"
  },
  {
    "name": "Baptist Health Physical CAREERS",
    "address": "100, Clarksville, IN 47129",
    "phone": "(812) 288-8817"
  },
  {
    "name": "Baptist Health Physical Therapy - Corydon",
    "address": "313 Federal Drive Northwest, Corydon, IN 47112",
    "phone": "(812) 738-3616"
  },
  {
    "name": "Baptist Health Urgent Care - Nicholasville Road",
    "address": "2108 Nicholasville Road, Lexington, KY 40503",
    "phone": "(859) 260-5200"
  },
  {
    "name": "Baptist Health Urgent Care - Holiday Manor",
    "address": "2232 Holiday Manor Center, Louisville, KY 40222",
    "phone": "(502) 339-6565"
  },
  {
    "name": "Baptist Health Physical Therapy - La Grange",
    "address": "1025 New Moody Lane, La Grange, KY 40031",
    "phone": "(502) 222-3303"
  },
  {
    "name": "Baptist Health Hardin Pavilion Pharmacy",
    "address": "200 Cardinal Drive, Suite, Elizabethtown, KY 42701",
    "phone": "270-979-2362"
  },
  {
    "name": "Baptist Health Physical Therapy - Dutchmans",
    "address": "4130 Dutchmans Lane, Suite, Louisville, KY 40207",
    "phone": "(502) 897-1790 (Phone"
  },
  {
    "name": "Baptist Health Physical Therapy - New Albany",
    "address": "1425 State Street, Suite 201, New Albany, IN 47150",
    "phone": "(812) 920-0408"
  },
  {
    "name": "Baptist Health Physical Therapy - Floyd",
    "address": "1850 State Street, New Albany, IN 47150",
    "phone": "(812) 948-6725"
  },
  {
    "name": "Baptist Health Urgent Care - Fern Valley",
    "address": "3605 Fern Valley Road, Suite, Louisville, KY 40219",
    "phone": "(502) 928-0915"
  },
  {
    "name": "Baptist Health Urgent Care - Eastpoint",
    "address": "2400 Eastpoint Parkway, Suite, Louisville, KY 40223",
    "phone": "(502) 210-4800"
  },
  {
    "name": "Baptist Health Physical Therapy - Tates Creek",
    "address": "1099 Duval Street, Suite 120, Lexington, KY 40515",
    "phone": "(859) 639-0090"
  },
  {
    "name": "Baptist Health Physical Therapy - Elizabethtown",
    "address": "1111 Ring Road, Elizabethtown, KY 42701",
    "phone": "(270) 706-5010"
  },
  {
    "name": "Baptist Health Physical Therapy - Radcliff",
    "address": "75 Nature Trail, Suite 1, Radcliff, KY 40160",
    "phone": "(270) 351-0098"
  },
  {
    "name": "Baptist Health Physical Therapy - Milestone",
    "address": "750 Cypress Station Drive, Louisville, KY 40207",
    "phone": "(502) 896-7083"
  },
  {
    "name": "3000 Baptist Health Blvd, CONNECT & LEARN",
    "address": "Lexington, KY 40509",
    "phone": ""
  },
  {
    "name": "Baptist Health Physical Therapy - Fern Valley",
    "address": "3605 Fern Valley Road, Suite, Louisville, KY 40219",
    "phone": "(502) 962-5242"
  },
  {
    "name": "Baptist Health Physical Therapy - Crestwood",
    "address": "6580 Kenwood Crossing, Crestwood, KY 40014",
    "phone": "(502) 241-1660"
  },
  {
    "name": "Baptist Health Physical Therapy - Corbin",
    "address": "1400 Cumberland Falls, Corbin, KY 40701",
    "phone": "(606) 528-2149"
  },
  {
    "name": "Baptist Health La Grange CAREERS",
    "address": "La Grange, KY 40031",
    "phone": "502-225-5500"
  },
  {
    "name": "Baptist Health Hardin Pharmacy",
    "address": "913 North Dixie Avenue, Elizabethtown, KY 42701",
    "phone": "270-706-1256"
  },
  {
    "name": "Baptist Health Paducah Pharmacy",
    "address": "2601 Kentucky Avenue, Suite, Paducah, KY 42003",
    "phone": "270-575-5870"
  },
  {
    "name": "Baptist Health Floyd Pharmacy",
    "address": "1850 State Street, New Albany, IN 47150",
    "phone": "812-941-4446"
  },
  {
    "name": "Baptist Health Pharmacy Bardstown",
    "address": "3615 East John Rowan Blvd, Bardstown, KY 40004",
    "phone": "502-331-4740"
  },
  {
    "name": "Baptist Health Louisville Physical Therapy Neuro",
    "address": "4002 Kresge Way, Floor 4, Louisville, KY 40207",
    "phone": "502-896-7447"
  },
  {
    "name": "Baptist Health Urgent Care - Breckenridge",
    "address": "2800 Breckenridge Lane, Louisville, KY 40220",
    "phone": "(502) 928-0200"
  },
  {
    "name": "Baptist Health Physical CAREERS",
    "address": "3900 Kresge Way, Louisville, KY 40207",
    "phone": "(502) 897-8137"
  },
  {
    "name": "Baptist Health Lexington Sleep Lab",
    "address": "1720 Nicholasville Road, Suite, Lexington, KY 40503",
    "phone": "859-260-4300"
  },
  {
    "name": "Baptist Health Lexington Cardiovascular Lab",
    "address": "1720 Nicholasville Road, Floor, Lexington, KY 40503",
    "phone": "859-260-6402"
  },
  {
    "name": "Baptist Health Louisville Cath Lab",
    "address": "4000 Kresge Way, Louisville, KY 40207",
    "phone": "502-897-8008"
  },
  {
    "name": "Baptist Health Cardiovascular Lab",
    "address": "3000 Baptist Health Blvd, Lexington, KY 40509",
    "phone": "859-422-9600"
  },
  {
    "name": "3000 Baptist Health Blvd, Suite 210",
    "address": "Lexington, KY 40509",
    "phone": "859-422-9600"
  },
  {
    "name": "Baptist Health Hardin Cath Lab",
    "address": "200 Cardinal Drive, Elizabethtown, KY 42701",
    "phone": ""
  },
  {
    "name": "Baptist Health Hardin Outpatient Lab",
    "address": "200 Cardinal Drive, Suite 208, Elizabethtown, KY 42701",
    "phone": ""
  },
  {
    "name": "Baptist Health Diagnostic Center - Hardin",
    "address": "913 North Dixie Avenue, Elizabethtown, KY 42701",
    "phone": "270-706-5444"
  },
  {
    "name": "Baptist Health Outpatient Therapy Services –",
    "address": "913 North Dixie Avenue, Elizabethtown, KY 42701",
    "phone": "(270) 706-1657"
  },
  {
    "name": "Baptist Health Outpatient Therapy Services –",
    "address": "200 Cardinal Drive, Suite 200, Elizabethtown, KY 42701",
    "phone": "(270) 979-2346"
  },
  {
    "name": "Baptist Health Speech & Language Services",
    "address": "1850 State Street, New Albany, IN 47150",
    "phone": "812-948-6725"
  },
  {
    "name": "Baptist Health Occupational Therapy",
    "address": "1850 State Street, New Albany, IN 47150",
    "phone": "(812) 948-6725"
  },
  {
    "name": "Baptist Health Louisville Multi-Disciplinary Clinic",
    "address": "4003 Kresge Way, Louisville, KY 40207",
    "phone": "502-896-3009"
  },
  {
    "name": "Baptist Health Diagnostics Center",
    "address": "108 Financial Place, Elizabethtown, KY 42701",
    "phone": "270-360-5925"
  },
  {
    "name": "Baptist Health Medical Group Hospitalists",
    "address": "1740 Nicholasville Road, Floor, Lexington, KY 40503",
    "phone": "859-260-6348"
  },
  {
    "name": "Baptist Health Medical CAREERS",
    "address": "300, Louisville, KY 40219",
    "phone": "502-893-7710"
  },
  {
    "name": "Baptist Health Medical Group Palliative Medicine",
    "address": "2605 Kentucky Avenue, Suite, Paducah, KY 42003",
    "phone": "270-575-2174"
  },
  {
    "name": "Baptist Health Medical Group Cardiology",
    "address": "24 Clinic Drive, Paris, KY 40361",
    "phone": "859-987-0302"
  },
  {
    "name": "Baptist Health Occupational Medicine & Urgent Care",
    "address": "4 Hmb Circle, Frankfort, KY 40601",
    "phone": "502-695-9990"
  },
  {
    "name": "Baptist Health Medical CAREERS",
    "address": "313 Federal Drive Northwest, Corydon, IN 47112",
    "phone": "812-734-3952"
  },
  {
    "name": "Baptist Health Primary Care - Breckenridge III",
    "address": "2800 Breckenridge Lane, Louisville, KY 40220",
    "phone": "502-928-5000"
  },
  {
    "name": "Baptist Health Medical Group Infectious",
    "address": "1903 Broadway Street, Paducah, KY 42001",
    "phone": "270-444-9889"
  },
  {
    "name": "Baptist Health Medical Group OB/GYN",
    "address": "140 Stonecrest Road, Suite 201, Shelbyville, KY 40065",
    "phone": "502-633-0094"
  },
  {
    "name": "Baptist Health Primary Care - Mount",
    "address": "211 High Point Court, Suite 700, Mount Washington, KY 40047",
    "phone": "502-928-1050"
  },
  {
    "name": "Baptist Health Eastpoint Cardiology",
    "address": "2400 Eastpoint Parkway, Louisville, KY 40223",
    "phone": "502-210-4733"
  },
  {
    "name": "Baptist Health Primary Care - Richmond I",
    "address": "107 Meridian Way, Suite 200, Richmond, KY 40475",
    "phone": "859-624-6366"
  },
  {
    "name": "Baptist Health Corbin Radiation Oncology",
    "address": "1 Trillium Way, Corbin, KY 40701",
    "phone": "606-526-4770"
  },
  {
    "name": "Baptist Health Primary Care - Lancaster",
    "address": "187 Farra Drive, Lancaster, KY 40444",
    "phone": "859-792-1766"
  },
  {
    "name": "Baptist Health Medical Group Cardiology",
    "address": "1919 State Street, Suite 248, New Albany, IN 47150",
    "phone": "502-928-0900"
  },
  {
    "name": "Baptist Health Medical Group Hematology & Urgent Care",
    "address": "705 Fairground Road, Scottsburg, IN 47170",
    "phone": "812-752-4771"
  },
  {
    "name": "Baptist Health Medical Group Cardiology",
    "address": "1919 State Street, Suite 104, New Albany, IN 47150",
    "phone": "812-945-7972"
  },
  {
    "name": "Baptist Health Medical Group Radiation",
    "address": "2210 Green Valley Road, New Albany, IN 47150",
    "phone": "812-945-4000"
  },
  {
    "name": "Baptist Health Emergency Department",
    "address": "913 North Dixie Avenue, Elizabethtown, KY 42701",
    "phone": ""
  },
  {
    "name": "Baptist Health Richmond Emergency Care",
    "address": "801 Eastern Bypass, Richmond, KY 40475",
    "phone": "(859) 623-3131"
  },
  {
    "name": "Baptist Health Primary Care - Richmond II",
    "address": "103 Alycia Drive, Richmond, KY 40475",
    "phone": "859-624-6515"
  },
  {
    "name": "Baptist Health Medical Group Orthopedic & Urgent Care",
    "address": "3000 Baptist Health Blvd, Lexington, KY 40509",
    "phone": "859-899-7950"
  },
  {
    "name": "3000 Baptist Health Blvd, Suite 310",
    "address": "Lexington, KY 40509",
    "phone": "859-899-7950"
  },
  {
    "name": "Baptist Health Medical Group Facial Plastic & Urgent Care",
    "address": "2605 Kentucky Avenue, Suite, Paducah, KY 42003",
    "phone": "(270) 408-3230"
  },
  {
    "name": "Baptist Health Family Medicine - Corbin",
    "address": "96 Future Drive, Corbin, KY 40701",
    "phone": "606-528-0305"
  },
  {
    "name": "Baptist Health Primary Care - Benton",
    "address": "543 Powell Lane, Benton, KY 42025",
    "phone": "270-415-7070"
  },
  {
    "name": "Baptist Health Internal Medicine - West Dixie",
    "address": "325 West Dixie Avenue, Elizabethtown, KY 42701",
    "phone": "270-979-2395"
  },
  {
    "name": "Baptist Health Medical Group OB/GYN",
    "address": "551 Westport Road, Suite D, Elizabethtown, KY 42701",
    "phone": "270-765-3301"
  },
  {
    "name": "Baptist Health Primary Care - Palmyra",
    "address": "691 Main Street Northeast, Palmyra, IN 47164",
    "phone": "812-364-4669"
  },
  {
    "name": "Baptist Health Medical Group Breast Imaging",
    "address": "1760 Nicholasville Road, Suite, Lexington, KY 40503",
    "phone": "859-260-6050"
  },
  {
    "name": "Baptist Health Primary CAREERS",
    "address": "250, Lexington, KY 40509",
    "phone": "(859) 639-0030"
  },
  {
    "name": "Baptist Health Medical Group OB/GYN",
    "address": "2800 Breckenridge Lane, Louisville, KY 40220",
    "phone": "502-895-1111"
  },
  {
    "name": "Baptist Health Primary Care - Breckenridge II",
    "address": "2800 Breckenridge Lane, Louisville, KY 40220",
    "phone": "502-259-3341"
  },
  {
    "name": "Baptist Health Medical Group Cardiology",
    "address": "2109 Green Valley Road, New Albany, IN 47150",
    "phone": "812-948-2232"
  },
  {
    "name": "Baptist Health Medical Group Endocrinology",
    "address": "2800 Breckenridge Lane, Louisville, KY 40220",
    "phone": "502-895-4263"
  },
  {
    "name": "Baptist Health Floyd Radiation Oncology",
    "address": "2210 Green Valley Road, New Albany, IN 47150",
    "phone": "812-981-6246"
  },
  {
    "name": "Baptist Health Primary CAREERS",
    "address": "Louisville, KY 40220",
    "phone": "502-893-7462"
  },
  {
    "name": "Baptist Health Floyd Pulmonary Clinic",
    "address": "1850 State Street, New Albany, IN 47150",
    "phone": "812-941-4705"
  },
  {
    "name": "Baptist Health Medical Group Cardiology",
    "address": "41 Quartermaster Court, Jeffersonville, IN 47130",
    "phone": "812-282-1617"
  },
  {
    "name": "Baptist Health Medical Group Cardiac Surgery",
    "address": "3900 Kresge Way, Suite 42, Louisville, KY 40207",
    "phone": "502-899-3858"
  },
  {
    "name": "Baptist Health Medical CAREERS",
    "address": "2400 Eastpoint Parkway, Suite, Louisville, KY 40223",
    "phone": "502-897-0269"
  },
  {
    "name": "Baptist Health Medical Group Behavioral Health",
    "address": "789 Eastern Bypass, Suite 23, Richmond, KY 40475",
    "phone": "859-544-8171"
  },
  {
    "name": "Baptist Health Medical Group Bariatric Surgery",
    "address": "950 Breckenridge Lane, Suite, Louisville, KY 40207",
    "phone": "502-894-9499"
  },
  {
    "name": "Baptist Health Medical Group Bariatric Surgery",
    "address": "2716 Old Rosebud Road, Suite, Lexington, KY 40509",
    "phone": "859-543-1577"
  },
  {
    "name": "Baptist Health Medical Group Neurology & Urgent Care",
    "address": "101 Financial Drive, Suite 210, Elizabethtown, KY 42701",
    "phone": "270-706-5515"
  },
  {
    "name": "Baptist Health Medical Group Orthopedics",
    "address": "446 West Cumberland Gap, Corbin, KY 40701",
    "phone": "606-523-1565"
  },
  {
    "name": "Baptist Health Medical Group Neurology",
    "address": "1720 Nicholasville Road, Suite, Lexington, KY 40503",
    "phone": "859-639-0905"
  },
  {
    "name": "Baptist Health Medical CAREERS",
    "address": "New Albany, IN 47150",
    "phone": "812-945-1429"
  },
  {
    "name": "Baptist Health Medical Group Neurology",
    "address": "2101 Nicholasville Road, Suite, Lexington, KY 40503",
    "phone": "859-260-4330"
  },
  {
    "name": "Baptist Health Medical Group Orthopedics",
    "address": "2125 State Street, Suite 5, New Albany, IN 47150",
    "phone": "812-944-2663"
  },
  {
    "name": "Baptist Health Medical Group Orthopedics",
    "address": "1111 Ring Road, Elizabethtown, KY 42701",
    "phone": "270-737-4343"
  },
  {
    "name": "Baptist Health Medical Group Podiatry",
    "address": "2605 Kentucky Avenue, Suite, Paducah, KY 42003",
    "phone": "(270) 415-4820"
  },
  {
    "name": "Baptist Health Medical Group Orthopedics",
    "address": "2400 Eastpoint Parkway, Suite, Louisville, KY 40223",
    "phone": "502-897-6579"
  },
  {
    "name": "Baptist Health Medical CAREERS",
    "address": "850, Louisville, KY 40299",
    "phone": "502-897-6579"
  },
  {
    "name": "Baptist Health Medical Group Orthopedics",
    "address": "101 Stonecrest Road, Suite 2, Shelbyville, KY 40065",
    "phone": "502-222-0598"
  },
  {
    "name": "Baptist Health Medical Group Orthopedics",
    "address": "1023 New Moody Lane, Suite, La Grange, KY 40031",
    "phone": "502-222-0598"
  },
  {
    "name": "Baptist Health Medical Group Orthopedics",
    "address": "2407 Ring Road, Suite 114, Elizabethtown, KY 42701",
    "phone": "(270) 737-4343"
  },
  {
    "name": "Baptist Health Medical Group Orthopedics",
    "address": "4001 Kresge Way, Suite 100, Louisville, KY 40207",
    "phone": "502-897-6579"
  },
  {
    "name": "Baptist Health Medical Group Orthopedics",
    "address": "4001 Kresge Way, Suite 240, Louisville, KY 40207",
    "phone": "502-897-6579"
  },
  {
    "name": "Baptist Health Primary Care - New Albany I",
    "address": "1919 State Street, Suite 446, New Albany, IN 47150",
    "phone": "812-981-6511"
  },
  {
    "name": "Baptist Health Medical CAREERS",
    "address": "789 Eastern Bypass, Suite 5, Richmond, KY 40475",
    "phone": "859-624-4110"
  },
  {
    "name": "Baptist Health Medical Group Palliative Medicine",
    "address": "1700 Nicholasville Road, Suite, Lexington, KY 40503",
    "phone": "859-260-6856"
  },
  {
    "name": "Baptist Health Medical Group Maternal Fetal",
    "address": "3900 Kresge Way, Suite 43, Louisville, KY 40207",
    "phone": "502-897-8245"
  },
  {
    "name": "Baptist Health Medical Group Maternal Fetal",
    "address": "1700 Nicholasville Road, Suite, Lexington, KY 40503",
    "phone": "859-260-6970"
  },
  {
    "name": "Baptist Health Lexington Breast Center",
    "address": "1760 Nicholasville Road, Suite, Lexington, KY 40503",
    "phone": "859-260-6050"
  },
  {
    "name": "Baptist Health Louisville Amb Care",
    "address": "4000 Kresge Way, Louisville, KY 40207",
    "phone": "502-897-8188"
  },
  {
    "name": "Baptist Health Lexington Xray",
    "address": "1740 Nicholasville Road, Lexington, KY 40503",
    "phone": "859-260-6100"
  },
  {
    "name": "Baptist Health Medical Group OB/GYN",
    "address": "1115 Woodland Drive, Elizabethtown, KY 42701",
    "phone": "270-769-5963"
  },
  {
    "name": "Baptist Health Medical Group Neurosurgery",
    "address": "789 Eastern Bypass, Building 1, Richmond, KY 40475",
    "phone": "859-277-6143"
  },
  {
    "name": "Baptist Health Medical Group Neurosurgery",
    "address": "2603 Kentucky Avenue, Suite, Paducah, KY 42003",
    "phone": "270-443-6472"
  },
  {
    "name": "Baptist Health Medical Group Neurosurgery",
    "address": "4003 Kresge Way, Suite 400, Louisville, KY 40207",
    "phone": "502-259-5955"
  },
  {
    "name": "Baptist Health Medical Group OB/GYN",
    "address": "950 Breckenridge Lane, Suite, Louisville, KY 40207",
    "phone": "502-893-6777"
  },
  {
    "name": "Baptist Health Medical Group Neurosurgery",
    "address": "1760 Nicholasville Road, Suite, Lexington, KY 40503",
    "phone": "859-277-6143"
  },
  {
    "name": "Baptist Health Medical CAREERS",
    "address": "Frankfort, KY 40601",
    "phone": "859-277-6143"
  },
  {
    "name": "Baptist Health Medical Group Neurosurgery",
    "address": "1919 State Street, Suite 440, New Albany, IN 47150",
    "phone": "812-949-5933"
  },
  {
    "name": "Baptist Health Medical Group Neurosurgery",
    "address": "1 Trillium Way, Corbin, KY 40701",
    "phone": "859-277-6143"
  },
  {
    "name": "Baptist Health Medical Group Neurosurgery",
    "address": "3900 Kresge Way, Suite 41, Louisville, KY 40207",
    "phone": "502-259-5955"
  },
  {
    "name": "Baptist Health Medical CAREERS",
    "address": "403, Paducah, KY 42003",
    "phone": "270-415-4800"
  },
  {
    "name": "Baptist Health Medical Group Neurology",
    "address": "4003 Kresge Way, Suite 400, Louisville, KY 40207",
    "phone": ""
  },
  {
    "name": "Baptist Health Medical Group Neurology",
    "address": "2400 Eastpoint Parkway, Suite, Louisville, KY 40223",
    "phone": "502-253-6615"
  },
  {
    "name": "Baptist Health Neurology",
    "address": "610 East Brannon Road, Suite, Nicholasville, KY 40356",
    "phone": "859-260-3330"
  },
  {
    "name": "Baptist Health Medical Group OB/GYN",
    "address": "6208 Preston Highway, Louisville, KY 40219",
    "phone": "502-968-6979"
  },
  {
    "name": "Baptist Health Medical Group OB/GYN",
    "address": "4001 Kresge Way, Suite 134, Louisville, KY 40207",
    "phone": "502-893-6777"
  },
  {
    "name": "Baptist Health Medical Group OB/GYN",
    "address": "2400 Eastpoint Parkway, Suite, Louisville, KY 40223",
    "phone": "502-222-5558"
  },
  {
    "name": "Baptist Health Medical CAREERS",
    "address": "Georgetown, KY 40324",
    "phone": "502-868-0338"
  },
  {
    "name": "Baptist Health Medical Group OB/GYN",
    "address": "1780 Nicholasville Road, Suite, Lexington, KY 40503",
    "phone": ""
  },
  {
    "name": "Baptist Health Medical Group Neurology",
    "address": "789 Eastern Bypass, Suite 10, Richmond, KY 40475",
    "phone": "859-624-6501"
  },
  {
    "name": "Baptist Health Medical Group OB/GYN",
    "address": "1700 Nicholasville Road, Suite, Lexington, KY 40503",
    "phone": "859-278-0363"
  },
  {
    "name": "Baptist Health Medical Group OB/GYN",
    "address": "1023 New Moody Lane, Suite, La Grange, KY 40031",
    "phone": "502-222-5558"
  },
  {
    "name": "Baptist Health Emergency Department-",
    "address": "3000 Baptist Health Blvd, Lexington, KY 40509",
    "phone": "859-422-9600"
  },
  {
    "name": "3000 Baptist Health Blvd, Suite 170",
    "address": "Lexington, KY 40509",
    "phone": "859-422-9600"
  },
  {
    "name": "Baptist Health Primary Care - Midtown",
    "address": "548 Lone Oak Road, Paducah, KY 42003",
    "phone": ""
  },
  {
    "name": "Baptist Health Medical Group Rheumatology",
    "address": "330 Waller Avenue, Suite 100, Lexington, KY 40504",
    "phone": "859-254-7000"
  },
  {
    "name": "Baptist Health Medical Group Pulmonary & Urgent Care",
    "address": "2400 Harrodsburg Road, Lexington, KY 40503",
    "phone": "859-278-0319"
  },
  {
    "name": "Baptist Health Occupational Medicine & Urgent Care",
    "address": "118 Patriot Drive, Bardstown, KY 40004",
    "phone": "(502) 233-4474"
  },
  {
    "name": "Baptist Health Medical CAREERS",
    "address": "95 Bryan Boulevard, Suite 202, Corbin, KY 40701",
    "phone": "606-258-2160"
  },
  {
    "name": "Baptist Health Medical Group Urology",
    "address": "1230 Woodland Drive, Elizabethtown, KY 42701",
    "phone": ""
  },
  {
    "name": "Baptist Health Medical Group Sleep Medicine",
    "address": "4004 Dupont Circle, Suite 210, Louisville, KY 40207",
    "phone": "502-896-7612"
  },
  {
    "name": "Baptist Health Medical Group Radiation",
    "address": "200 Cardinal Drive, Suite 201, Elizabethtown, KY 42701",
    "phone": "270-706-5065"
  },
  {
    "name": "Baptist Health Paducah EKG X-Ray",
    "address": "2501 Kentucky Avenue, Paducah, KY 42003",
    "phone": "270-575-2774"
  },
  {
    "name": "Baptist Health Primary Care - Stonybrook",
    "address": "2831 South Hurstbourne, Louisville, KY 40220",
    "phone": "(502) 491-6963"
  },
  {
    "name": "Baptist Health Medical Group Thoracic Surgery",
    "address": "3950 Kresge Way, Suite 402, Louisville, KY 40207",
    "phone": "502-895-2295"
  },
  {
    "name": "Baptist Health Medical Group General Surgery",
    "address": "1760 Nicholasville Road, Suite, Lexington, KY 40503",
    "phone": "859-277-5711"
  },
  {
    "name": "Baptist Health Medical Group Plastic & Urgent Care",
    "address": "3950 Kresge Way, Suite 302, Louisville, KY 40207",
    "phone": "(502) 928-4020"
  },
  {
    "name": "Baptist Health Medical Group Behavioral Health",
    "address": "118 Patriot Drive, Suite 106, Bardstown, KY 40004",
    "phone": "(502) 233-4496"
  },
  {
    "name": "Baptist Health Hamburg",
    "address": "3000 Baptist Health Blvd, Lexington, KY 40509",
    "phone": "859-422-9600"
  },
  {
    "name": "Baptist Health Pain & Spine - New Albany",
    "address": "1425 State Street, Suite 100, New Albany, IN 47150",
    "phone": "(812) 920-0408"
  },
  {
    "name": "Baptist Health Pain & Spine - Louisville",
    "address": "4130 Dutchmans Lane, Suite, Louisville, KY 40207",
    "phone": "(502) 897-1794"
  },
  {
    "name": "Baptist Health London Imaging and Diagnostics",
    "address": "1406 West 5th Street, Suite 100, London, KY 40741",
    "phone": "(606) 526-4990 (Primary)"
  },
  {
    "name": "Baptist Health Breckenridge",
    "address": "2800 Breckenridge Lane, Louisville, KY 40220",
    "phone": "(502) 928-0211"
  },
  {
    "name": "Baptist Health Medical Group Cardiology",
    "address": "3900 Kresge Way, Suite 51, Louisville, KY 40207",
    "phone": "(502) 893-7710"
  },
  {
    "name": "Baptist Health Medical Group Pulmonary & Urgent Care",
    "address": "3000 Baptist Health Blvd, Lexington, KY 40509",
    "phone": "(859) 278-0319"
  },
  {
    "name": "3000 Baptist Health Blvd, Suite 240",
    "address": "Lexington, KY 40509",
    "phone": "(859) 278-0319"
  },
  {
    "name": "Baptist Health Medical Group Urology",
    "address": "1001 Leawood Drive, Suite A, Frankfort, KY 40601",
    "phone": "859-639-0920"
  },
  {
    "name": "Baptist Health Medical Group Urology",
    "address": "793 Eastern Bypass, Suite 101, Richmond, KY 40475",
    "phone": "859-626-8645"
  },
  {
    "name": "Baptist Health Medical Group OB/GYN",
    "address": "3000 Baptist Health Blvd, Lexington, KY 40509",
    "phone": "(859) 278-0363"
  },
  {
    "name": "Baptist Health Corbin Emergency Care",
    "address": "1 Trillium Way, Corbin, KY 40701",
    "phone": "(606) 528-1212"
  },
  {
    "name": "Baptist Health Medical Group Vascular Surgery",
    "address": "2603 Kentucky Avenue, Suite, Paducah, KY 42003",
    "phone": "270-415-4802"
  },
  {
    "name": "Baptist Health Medical Group Pulmonary & Urgent Care",
    "address": "546 Lone Oak Road, Paducah, KY 42003",
    "phone": "270-442-3647"
  },
  {
    "name": "Baptist Health La Grange Inpatient Behavioral",
    "address": "1025 New Moody Lane, La Grange, KY 40031",
    "phone": "(502) 225-5630"
  },
  {
    "name": "Baptist Health Medical Group Urology",
    "address": "1760 Nicholasville Road, Suite, Lexington, KY 40503",
    "phone": "859-639-0920"
  },
  {
    "name": "Baptist Health Medical Group Radiology",
    "address": "1 Trillium Way, Corbin, KY 40701",
    "phone": "606-523-8542"
  },
  {
    "name": "Baptist Health Medical Group Orthopedics",
    "address": "118 Patriot Drive, Suite 204, Bardstown, KY 40004",
    "phone": "(502) 233-4045"
  },
  {
    "name": "Baptist Health Medical Group Sleep Medicine",
    "address": "4001 Kresge Way, Suite 324, Louisville, KY 40207",
    "phone": "(502) 896-7612"
  },
  {
    "name": "Baptist Health Surgery Center in Hamburg",
    "address": "3000 Baptist Health Blvd, Lexington, KY 40509",
    "phone": "859-278-1460"
  },
  {
    "name": "Baptist Health Medical Group OB/GYN",
    "address": "2605 Kentucky Avenue, Suite, Paducah, KY 42003",
    "phone": "(270) 444-9199"
  },
  {
    "name": "Baptist Health Medical Group Neurosurgery",
    "address": "400 Lincoln Drive, Herrin, IL 62948",
    "phone": "270-443-6472"
  },
  {
    "name": "Baptist Health Primary Care - Bardstown II",
    "address": "118 Patriot Drive, Suite 103, Bardstown, KY 40004",
    "phone": "502-331-4727"
  },
  {
    "name": "Baptist Health Medical Group General Surgery",
    "address": "2601 Kentucky Avenue, Suite, Paducah, KY 42003",
    "phone": "(270) 538-9555"
  },
  {
    "name": "Baptist Health Imaging South",
    "address": "60 Bryan Boulevard, Corbin, KY 40701",
    "phone": "606-523-8602"
  },
  {
    "name": "Baptist Health Crestwood Imaging and Diagnostics",
    "address": "6580 Kenwood Crossing, Crestwood, KY 40014",
    "phone": "502-241-1660"
  },
  {
    "name": "Baptist Health Richmond Imaging & Diagnostics",
    "address": "801 Eastern Bypass, Richmond, KY 40475",
    "phone": "859-625-3187"
  },
  {
    "name": "Baptist Health Medical Group Behavioral Health",
    "address": "2413 Ring Road, Suite 106, Elizabethtown, KY 42701",
    "phone": "270-979-2389"
  },
  {
    "name": "Baptist Health Medical Group Thoracic Surgery",
    "address": "1919 State Street, Suite 310, New Albany, IN 47150",
    "phone": "812-949-5575"
  },
  {
    "name": "Baptist Health CAREERS",
    "address": "1850 State Street, New Albany, IN 47150",
    "phone": "(812) 944-7701"
  },
  {
    "name": "Baptist Health Medical Group Sleep Medicine",
    "address": "3000 Baptist Health Blvd., Lexington, KY 40509",
    "phone": "(859) 260-4300"
  },
  {
    "name": "Baptist Imaging Center (BIC)",
    "address": "2705 Kentucky Avenue, Paducah, KY 42003",
    "phone": "270-415-7242"
  },
  {
    "name": "Baptist Health Medical Group Sleep Medicine",
    "address": "793 Eastern Bypass, Suite 213, Richmond, KY 40475",
    "phone": "859-625-3933"
  },
  {
    "name": "Baptist Health Primary Care - Jeffersonville",
    "address": "3558 East 10th Street, Jeffersonville, IN 47130",
    "phone": "(812) 542-4699"
  },
  {
    "name": "Baptist Health Breast Imaging - Hamburg",
    "address": "3000 Baptist Health Blvd, Lexington, KY 40509",
    "phone": "859-422-9600"
  },
  {
    "name": "Baptist Health Medical Group Sleep Medicine",
    "address": "3000 Baptist Health Blvd, Lexington, KY 40509",
    "phone": "859-278-0319"
  },
  {
    "name": "Baptist Health Medical Group Endocrinology",
    "address": "1775 Alysheba Way, Suite 50, Lexington, KY 40509",
    "phone": "859-639-1210"
  },
  {
    "name": "Baptist Health Medical CAREERS",
    "address": "Louisville, KY 40207",
    "phone": "502-893-1333"
  },
  {
    "name": "Baptist Health Medical Group High Risk Breast",
    "address": "2601 Kentucky Avenue, Suite, Paducah, KY 42003",
    "phone": "(270) 538-9555"
  },
  {
    "name": "Baptist Health Medical Group Sleep Medicine",
    "address": "1025 New Moody Lane, La Grange, KY 40031",
    "phone": "502-222-8687"
  },
  {
    "name": "Baptist Health Medical Group Pediatrics",
    "address": "2670 New Holt Road, Suite, Paducah, KY 42001",
    "phone": "270-575-2875"
  },
  {
    "name": "Ray & Kay Eckstein Regional Cancer Care",
    "address": "2501 Kentucky Avenue, Paducah, KY 42003",
    "phone": "270-575-2780"
  },
  {
    "name": "Center at Baptist Health Richmond",
    "address": "793 Eastern Bypass, Suite G2, Richmond, KY 40475",
    "phone": "859-625-3444"
  },
  {
    "name": "Baptist Health Occupational Medicine & Urgent Care",
    "address": "95 Bryan Boulevard, Suite 201, Corbin, KY 40701",
    "phone": "606-526-4590"
  },
  {
    "name": "Baptist Health Medical Group Colorectal Surgery",
    "address": "2125 State Street, Suite 3, New Albany, IN 47150",
    "phone": "(812) 949-5575"
  },
  {
    "name": "Baptist Health Floyd Cardiac Diagnostics",
    "address": "31 Quartermaster Court, Jeffersonville, IN 47130",
    "phone": "(812) 542-4900"
  },
  {
    "name": "Baptist Health Medical Group OB/GYN",
    "address": "506 North 12th Street, Suite A, Murray, KY 42071",
    "phone": "270-415-7055"
  },
  {
    "name": "Baptist Health Medical CAREERS",
    "address": "3615 East John Rowan, Bardstown, KY 40004",
    "phone": "(270) 706-5787"
  },
  {
    "name": "Baptist Health Medical Group Cardiology",
    "address": "7600 Indiana 60, #100, Sellersburg, IN 47172",
    "phone": "(502) 928-0900"
  },
  {
    "name": "Baptist Health Louisville Cardiology Outpatient",
    "address": "3900 Kresge Way, Suite 60, Louisville, KY 40207",
    "phone": "(502) 893-7710"
  },
  {
    "name": "Baptist Health Medical Group Orthopedics & Urgent Care",
    "address": "2603 Kentucky Avenue, Suite, Paducah, KY 42003",
    "phone": "(270) 415-4825"
  },
  {
    "name": "Baptist Health Medical Group Medical Weight",
    "address": "627 Comanche Trail, Frankfort, KY 40601",
    "phone": "(502) 661-6772"
  },
  {
    "name": "Baptist Health Lexington Women's Care",
    "address": "1740 Nicholasville Road, Lexington, KY 40503",
    "phone": "(859) 260-6100"
  },
  {
    "name": "Baptist Health Heart Failure Clinic",
    "address": "1 Trillium Way, Suite 110, Corbin, KY 40701",
    "phone": "(606) 523-8770"
  },
  {
    "name": "Baptist Health Medical Group Primary Care",
    "address": "60 Stonecrest Court, Suite 140, Shelbyville, KY 40065",
    "phone": "(502) 928-1060"
  },
  {
    "name": "Baptist Health Medical Group Podiatry",
    "address": "2125 State Street, Suite 5, New Albany, IN 47150",
    "phone": "(812) 944-2663"
  },
  {
    "name": "Baptist Health Corbin Orthopedic Care and",
    "address": "1 Trillium Way, Corbin, KY 40701",
    "phone": "(606) 528-1212"
  },
  {
    "name": "Baptist Health Medical Group Pulmonary and",
    "address": "100 Commerce Drive, Brandenburg, KY 40108",
    "phone": "(270) 706-5787"
  },
  {
    "name": "Baptist Health Medical Group Weight",
    "address": "1 Trillium Way, Suite 111, Corbin, KY 40701",
    "phone": "606-523-8770"
  },
  {
    "name": "Baptist Health Hardin Cardiac Imaging & Urgent Care",
    "address": "200 Cardinal Drive, Suite 410, Elizabethtown, KY 42701",
    "phone": "270-979-2340"
  },
  {
    "name": "Baptist Health Medical Group Cardiology",
    "address": "45 Moonbow Plaza, Corbin, KY 40701",
    "phone": "606-523-9010"
  },
  {
    "name": "Baptist Health Medical Group Behavioral Health",
    "address": "6420 Dutchmans Parkway, Louisville, KY 40205",
    "phone": "(502) 928-1260"
  },
  {
    "name": "Baptist Health Medical CAREERS",
    "address": "Bardstown, KY 40004",
    "phone": "(270) 979-2583"
  },
  {
    "name": "Baptist Health Medical Group Behavioral Health",
    "address": "534 Hillcrest Drive, Brandenburg, KY 40108",
    "phone": ""
  },
  {
    "name": "Baptist Health Primary Care - Paris",
    "address": "6 Linville Drive, Paris, KY 40361",
    "phone": "(859) 987-3710"
  },
  {
    "name": "Baptist Health Medical Group General Surgery",
    "address": "3615 East John Rowan, Bardstown, KY 40004",
    "phone": "(502) 348-0393"
  },
  {
    "name": "Baptist Health Medical Group Thoracic Surgery",
    "address": "4003 Kresge Way, Suite 224, Saint Matthews, KY 40207",
    "phone": "(502) 897-8131"
  },
  {
    "name": "Baptist Health La Grange Neurology and Stroke",
    "address": "1025 New Moody Lane, La Grange, KY 40031",
    "phone": "(502) 222-8503"
  },
  {
    "name": "Baptist Health Medical Group Pulmonary & Urgent Care",
    "address": "101 Winston Way, Suite 100, Campbellsville, KY 42718",
    "phone": "(270) 706-5787"
  },
  {
    "name": "Baptist Health Richmond Women's Care",
    "address": "801 Eastern Bypass, Richmond, KY 40475",
    "phone": "(859) 623-3131"
  },
  {
    "name": "Baptist Health Louisville Orthopedic Clinic - New",
    "address": "1425 State Street, Suite 100, New Albany, IN 47150",
    "phone": "(812) 920-0408"
  },
  {
    "name": "Baptist Health Medical Group Primary Care",
    "address": "543 Powell Lane, Benton, KY 42025",
    "phone": "(270) 415-7070"
  },
  {
    "name": "Baptist Health Louisville Orthopedic Clinic",
    "address": "4130 Dutchmans Lane, Suite, Louisville, KY 40207",
    "phone": "(502) 897-1794"
  },
  {
    "name": "Baptist Health Medical Group Weight",
    "address": "2716 Old Rosebud Road, Suite, Lexington, KY 40509",
    "phone": "859-639-2060"
  },
  {
    "name": "Baptist Health Medical Group Hematology & Urgent Care",
    "address": "3000 Baptist Health Blvd, Lexington, KY 40509",
    "phone": "(859) 276-0414"
  },
  {
    "name": "3000 Baptist Health Blvd, Suite 155",
    "address": "Lexington, KY 40509",
    "phone": "(859) 276-0414"
  },
  {
    "name": "Baptist Health Medical Group Vein Care",
    "address": "4003 Kresge Way, Suite 228, Louisville, KY 40207",
    "phone": "502-649-9400"
  },
  {
    "name": "Baptist Health London",
    "address": "1406 West 5th Street, CARE AND SLEoRVnIdCoESn, KY 40741",
    "phone": ""
  },
  {
    "name": "Baptist Health Physical Therapy – Radcliff",
    "address": "75 Nature Trail, Suite 2, Radcliff, KY 40160",
    "phone": "(270) 979-3534"
  },
  {
    "name": "Baptist Health Lymphedema Clinic –",
    "address": "1111 Ring Road, Suite B116, Elizabethtown, KY 42701",
    "phone": "(270) 979-8029"
  },
  {
    "name": "BLOG 3000 Baptist Health Boulevard, Suite 220 A",
    "address": "Lexington, KY 40509",
    "phone": "(859) 226-0031"
  },
  {
    "name": "Baptist Health Medical Group Urology",
    "address": "3000 Baptist Health Blvd., Lexington, KY 40509",
    "phone": "(859) 639-0920"
  },
  {
    "name": "Baptist Health Medical Group Gastroenterology",
    "address": "1700 Ring Road, Elizabethtown, KY 42701",
    "phone": "270-979-2583"
  },
  {
    "name": "Baptist Health Medical Group Behavioral Health",
    "address": "1006 New Moody Lane, Studio, Lagrange, KY 40031",
    "phone": "(502) 222-6730"
  },
  {
    "name": "Baptist Health Outpatient Therapy Services –",
    "address": "1800 Nicholasville Road, Lexington, KY 40503",
    "phone": "(859) 260-6673"
  },
  {
    "name": "Baptist Health Medical Group Cardiothoracic",
    "address": "2601 Kentucky Avenue, Suite, Paducah, KY 42003",
    "phone": "(270) 443-5564"
  },
  {
    "name": "3000 Baptist Health Blvd, ABOUT",
    "address": "Lexington, KY 40509",
    "phone": "859-278-0363"
  },
  {
    "name": "Baptist Health Medical Group Sleep Medicine",
    "address": "1002 Leawood Drive, Frankfort, KY 40601",
    "phone": "844-622-7847"
  },
  {
    "name": "Baptist Health Medical Group OB/GYN",
    "address": "1324 Woodland Drive, Suite A, Elizabethtown, KY 42701",
    "phone": "270-765-3301"
  },
  {
    "name": "Baptist Health Medical Group Breast Surgery",
    "address": "2125 State Street, Suite 3, New Albany, IN 47150",
    "phone": "(812) 949-5575"
  },
  {
    "name": "Baptist Health Medical CAREERS",
    "address": "Charlestown, IN 47111",
    "phone": "(812) 282-1617"
  },
  {
    "name": "Baptist Health Heart Failure Clinic",
    "address": "2501 Kentucky Avenue, Suite, Paducah, KY 42003",
    "phone": "270-415-4627"
  },
  {
    "name": "Baptist Health Medical Group Behavioral Health",
    "address": "2101 Nicholasville Road, Suite, Lexington, KY 40503",
    "phone": "(859) 277-5771"
  },
  {
    "name": "Baptist Health Medical Group Cardiology",
    "address": "1406 West 5th Street, Suite, London, KY 40741",
    "phone": "(606) 523-9010"
  },
  {
    "name": "Baptist Health Primary Care - London",
    "address": "1406 West 5th Street, Suite, London, KY 40741",
    "phone": "(606) 526-4970"
  },
  {
    "name": "Baptist Health Medical Group Behavioral Health",
    "address": "1406 West 5th Street, Suite, London, KY 40741",
    "phone": "(606) 526-4970"
  },
  {
    "name": "Baptist Health Primary Care - Mayfield",
    "address": "318 South 7th Street, Mayfield, KY 42066",
    "phone": "270-356-4115"
  },
  {
    "name": "Baptist Health La Grange Pulmonology",
    "address": "1025 New Moody Lane, La Grange, KY 40031",
    "phone": "502-222-5388"
  },
  {
    "name": "Baptist Health La Grange Sleep Medicine",
    "address": "1026 New Moody Lane, Floor 3, La Grange, KY 40031",
    "phone": "502-222-8687"
  },
  {
    "name": "Baptist Health La Grange Outpatient Wound Care",
    "address": "1025 New Moody Lane, La Grange, KY 40031",
    "phone": "502-222-5388"
  },
  {
    "name": "Baptist Health La Grange Multi-Disciplinary Clinic",
    "address": "1025 New Moody Lane, La Grange, KY 40031",
    "phone": "502-222-5388"
  },
  {
    "name": "Baptist Health Louisville CAREERS",
    "address": "Louisville, KY 40207",
    "phone": "502-897-8100"
  },
  {
    "name": "Baptist Health Medical Group Sleep Medicine",
    "address": "1850 State Street, New Albany, IN 47150",
    "phone": "812-949-5550"
  },
  {
    "name": "Baptist Health Sleep Center",
    "address": "2409 Ring Road, Suite 106, Elizabethtown, KY 42701",
    "phone": "270-706-5691"
  },
  {
    "name": "Baptist Health Louisville Wound Care",
    "address": "3900 Kresge Way, Louisville, KY 40207",
    "phone": "502-259-4470"
  },
  {
    "name": "Baptist Health Floyd CAREERS",
    "address": "New Albany, IN 47150",
    "phone": "812-949-7964"
  },
  {
    "name": "Baptist Health Louisville Radiation Oncology",
    "address": "4003 Kresge Way, Suite 115, Louisville, KY 40207",
    "phone": "502-897-8163"
  },
  {
    "name": "Baptist Health Louisville Radiation Oncology",
    "address": "2400 Eastpoint Parkway, Louisville, KY 40223",
    "phone": "502-210-4900"
  },
  {
    "name": "Baptist Health Medical Group Orthopedics & Urgent Care",
    "address": "1760 Nicholasville Road, Suite, Lexington, KY 40503",
    "phone": "859-899-7950"
  },
  {
    "name": "Baptist Health Medical Group Pain Management",
    "address": "2125 State Street, Suite 6, New Albany, IN 47150",
    "phone": "812-949-5790"
  },
  {
    "name": "Baptist Health Medical Group Pain Management",
    "address": "2400 Eastpoint Parkway, Suite, Louisville, KY 40223",
    "phone": "502-253-6625"
  },
  {
    "name": "Baptist Health Medical Group Pain Management",
    "address": "1760 Nicholasville Road, Suite, Lexington, KY 40503",
    "phone": "859-260-2766"
  },
  {
    "name": "Baptist Health Medical Group Pain Management",
    "address": "705 Fairground Road, Scottsburg, IN 47170",
    "phone": "812-949-5790"
  },
  {
    "name": "Baptist Health Emergency Department",
    "address": "2501 Kentucky Avenue, Paducah, KY 42003",
    "phone": "(270) 575-2100"
  },
  {
    "name": "Baptist Health Medical Group Bariatric Surgery",
    "address": "2125 State Street, Suite 1, New Albany, IN 47150",
    "phone": "812-949-7151"
  },
  {
    "name": "Baptist Health Medical Group Behavioral Health",
    "address": "120 Helmwood Plaza Drive, Elizabethtown, KY 42701",
    "phone": ""
  },
  {
    "name": "Baptist Health Medical Group Behavioral Health",
    "address": "1919 State Street, Suite 248, New Albany, IN 47150",
    "phone": "812-949-5767"
  },
  {
    "name": "Baptist Health Medical Group Behavioral Health",
    "address": "1 Trillium Way, Corbin, KY 40701",
    "phone": "606-523-8521"
  },
  {
    "name": "Baptist Health Primary Care - Scottsburg",
    "address": "705 Fairground Road, Scottsburg, IN 47170",
    "phone": "812-752-0165"
  },
  {
    "name": "Baptist Health Medical Group Gastroenterology",
    "address": "1031 New Moody Lane, Suite, La Grange, KY 40031",
    "phone": "502-222-6008"
  },
  {
    "name": "Baptist Health Primary Care - Kenwood Crossing",
    "address": "6580 Kenwood Crossing, Crestwood, KY 40014",
    "phone": "502-243-3161"
  },
  {
    "name": "Baptist Health Medical Group Gastroenterology",
    "address": "1419 Cumberland Falls, Corbin, KY 40701",
    "phone": "606-528-1172"
  },
  {
    "name": "Baptist Health Occupational Medicine & Urgent Care",
    "address": "610 East Brannon Road, Suite, Nicholasville, KY 40356",
    "phone": "(859) 260-5540"
  },
  {
    "name": "Baptist Health Family CAREERS",
    "address": "502, Paducah, KY 42003",
    "phone": "270-415-7015"
  },
  {
    "name": "Baptist Health Medical Group General Surgery",
    "address": "1110 Lancaster Road, Suite 3, Richmond, KY 40475",
    "phone": "859-623-3576"
  },
  {
    "name": "Baptist Health Family Medicine - Metropolis",
    "address": "1203 West 10th Street, Metropolis, IL 62960",
    "phone": "618-524-3795"
  },
  {
    "name": "Baptist Health Medical Group General Surgery",
    "address": "4001 Kresge Way, Suite 200, Louisville, KY 40207",
    "phone": "502-895-1995"
  },
  {
    "name": "Baptist Health Family CAREERS",
    "address": "Georgetown, KY 40324",
    "phone": "502-868-0622"
  },
  {
    "name": "Baptist Health Medical Group General Surgery",
    "address": "2400 Eastpoint Parkway, Suite, Louisville, KY 40223",
    "phone": "502-897-7411"
  },
  {
    "name": "Baptist Health Family Medicine - Nicholasville",
    "address": "1760 Nicholasville Road, Suite, Lexington, KY 40503",
    "phone": "859-277-2211"
  },
  {
    "name": "Baptist Health Family Medicine - Tates Creek",
    "address": "1099 Duval Street, Suite 100, Lexington, KY 40515",
    "phone": "859-273-3888"
  },
  {
    "name": "Baptist Health Family Medicine - Brandenburg",
    "address": "534 Hillcrest Drive, Brandenburg, KY 40108",
    "phone": "270-422-5000"
  },
  {
    "name": "Baptist Health Family Medicine - Ring Road II",
    "address": "2413 Ring Road, Suite 100, Elizabethtown, KY 42701",
    "phone": "270-737-0077"
  },
  {
    "name": "Baptist Health Family Medicine - Fort Knox",
    "address": "1679 North Wilson Road, Suite, Radcliff, KY 40160",
    "phone": "270-272-0000"
  },
  {
    "name": "Baptist Health Family Medicine - Hodgenville",
    "address": "145 Lincoln Drive, Suite 101, Hodgenville, KY 42748",
    "phone": "270-979-3241"
  },
  {
    "name": "Baptist Health Family Medicine - Sonora",
    "address": "11969 South Dixie Highway, Sonora, KY 42776",
    "phone": "270-369-9706"
  },
  {
    "name": "Baptist Health Family Medicine - Northgate",
    "address": "3605 Northgate Court, Suite, New Albany, IN 47150",
    "phone": "812-941-9355"
  },
  {
    "name": "Baptist Health Family CAREERS",
    "address": "Corydon, IN 47112",
    "phone": "812-734-3952"
  },
  {
    "name": "Baptist Health Family Medicine - Corydon I",
    "address": "313 Federal Drive Northwest, Corydon, IN 47112",
    "phone": "812-738-4155"
  },
  {
    "name": "Baptist Health Family Medicine - New Albany II",
    "address": "2315 Green Valley Road, Suite, New Albany, IN 47150",
    "phone": "812-945-2100"
  },
  {
    "name": "Baptist Health Family Medicine - Ring Road I",
    "address": "2411 Ring Road, Suite 114, Elizabethtown, KY 42701",
    "phone": "270-706-1925"
  },
  {
    "name": "Baptist Health Family Medicine - Williamsburg",
    "address": "990 South Highway 25 West, Williamsburg, KY 40769",
    "phone": "606-549-8244"
  },
  {
    "name": "Baptist Health Family Medicine - Helmwood",
    "address": "100 Helmwood Plaza Drive, Elizabethtown, KY 42701",
    "phone": "270-769-5579"
  },
  {
    "name": "Baptist Health Primary Care - Frankfort West",
    "address": "1001 Leawood Drive, Suite C, Frankfort, KY 40601",
    "phone": "502-223-0231"
  },
  {
    "name": "Baptist Health Primary Care - La Grange I",
    "address": "1023 New Moody Lane, Suite, La Grange, KY 40031",
    "phone": "502-225-5520"
  },
  {
    "name": "Baptist Health Primary Care - Charlestown",
    "address": "7725 Highway 62, Suite 100, Charlestown, IN 47111",
    "phone": "812-280-0413"
  },
  {
    "name": "Baptist Health Primary Care - Sellersburg",
    "address": "7600 Highway 60, Suite 100, Sellersburg, IN 47172",
    "phone": "812-246-8193"
  },
  {
    "name": "Baptist Health Primary Care - Floyd Knobs",
    "address": "800 Highlander Point Drive, Floyds Knobs, IN 47119",
    "phone": "812-923-2273"
  },
  {
    "name": "Baptist Health Medical CAREERS",
    "address": "Shelbyville, KY 40065",
    "phone": "502-732-1877"
  },
  {
    "name": "Baptist Health Surgery Center Breckenridge",
    "address": "2800 Breckenridge Lane, Louisville, KY 40220",
    "phone": "502-928-0050"
  },
  {
    "name": "Baptist Health Diagnostic Center (Bardstown 101)",
    "address": "3615 East John Rowan, Bardstown, KY 40004",
    "phone": "502-350-3889"
  },
  {
    "name": "Baptist Health Diagnostic Center (Brandenburg)",
    "address": "100 Commerce Drive, Brandenburg, KY 40108",
    "phone": "(270) 422-1222"
  },
  {
    "name": "Baptist Health Louisville Imaging and Diagnostics",
    "address": "4000 Kresge Way, Louisville, KY 40207",
    "phone": "502-897-8888"
  },
  {
    "name": "Baptist Health La Grange Imaging and Diagnostics",
    "address": "1025 New Moody Lane, La Grange, KY 40031",
    "phone": "502-222-3620"
  },
  {
    "name": "Baptist Health Surgery Center Eastpoint",
    "address": "2400 Eastpoint Parkway, Louisville, KY 40223",
    "phone": "502-210-4850"
  },
  {
    "name": "Baptist Health Diagnostics",
    "address": "145 Lincoln Drive, Suite 102, Hodgenville, KY 42748",
    "phone": "270-979-3981"
  },
  {
    "name": "Baptist Health Diagnostic (Elizabethtown)",
    "address": "2409 Ring Road, Suite 114, Elizabethtown, KY 42701",
    "phone": "270-982-3344"
  },
  {
    "name": "Baptist Health Floyd Imaging & Diagnostics",
    "address": "1850 State Street, Floor 1, New Albany, IN 47150",
    "phone": "812-949-5904"
  },
  {
    "name": "Baptist Health Floyd Diagnostics - Corydon",
    "address": "313 Federal Drive Northwest, Corydon, IN 47112",
    "phone": "812-734-3920"
  },
  {
    "name": "Baptist Health Imaging North",
    "address": "446 West Cumberland Gap, Corbin, KY 40701",
    "phone": "606-523-1565"
  },
  {
    "name": "Baptist Health Medical Group Diagnostic",
    "address": "1001 Leawood Drive, Suite A, Frankfort, KY 40601",
    "phone": "502.875.0872"
  },
  {
    "name": "Center at Baptist Health Lexington",
    "address": "1700 Nicholasville Road, Lexington, KY 40503",
    "phone": "(859) 260-6460"
  },
  {
    "name": "Baptist Health Medical Group Hematology & Urgent Care",
    "address": "793 Eastern Bypass, Suite 106, Richmond, KY 40475",
    "phone": "859-276-0414"
  },
  {
    "name": "Baptist Health Medical Group Hematology & Urgent Care",
    "address": "2400 Eastpoint Parkway, Suite, Louisville, KY 40223",
    "phone": "502-897-1166"
  },
  {
    "name": "Baptist Health Medical CAREERS",
    "address": "4003 Kresge Way, Suite 500, Louisville, KY 40207",
    "phone": "502-897-1166"
  },
  {
    "name": "Baptist Health Medical Group Hematology & Urgent Care",
    "address": "1700 Nicholasville Road, Suite, Lexington, KY 40503",
    "phone": "859-276-0414"
  },
  {
    "name": "Baptist Health Medical Group Hematology & Urgent Care",
    "address": "107 Diagnostic Drive, Frankfort, KY 40601",
    "phone": "859-276-0414"
  },
  {
    "name": "Baptist Health Medical Group Hematology & Urgent Care",
    "address": "1031 New Moody Lane, Suite, La Grange, KY 40031",
    "phone": "502-897-1166"
  },
  {
    "name": "Baptist Health Medical Group Hematology & Urgent Care",
    "address": "2210 Green Valley Road, New Albany, IN 47150",
    "phone": "812-945-4000"
  },
  {
    "name": "Baptist Health Medical Group Infectious Disease",
    "address": "3950 Kresge Way, Suite 405, Louisville, KY 40207",
    "phone": "502-928-6960"
  },
  {
    "name": "Baptist Health Medical CAREERS",
    "address": "1 Trillium Way, Suite 204, Corbin, KY 40701",
    "phone": "606-523-1934"
  },
  {
    "name": "Baptist Health Internal Medicine - Beaumont",
    "address": "3101 Wall Street, Lexington, KY 40513",
    "phone": "859-219-6440"
  },
  {
    "name": "Baptist Health Internal Medicine - Nicholasville",
    "address": "2101 Nicholasville Road, Suite, Lexington, KY 40503",
    "phone": "859-277-5771"
  },
  {
    "name": "Baptist Health Primary Care - Salem",
    "address": "1101 North Jim Day Road, Suite, Salem, IN 47167",
    "phone": "812-883-5501"
  },
  {
    "name": "Baptist Health Internal Medicine & Pediatrics",
    "address": "75 Nature Trail, Suite 3, Radcliff, KY 40160",
    "phone": "270-351-2323"
  },
  {
    "name": "Baptist Health Internal Medicine & Pediatrics",
    "address": "596 Westport Road, Suite 101, Elizabethtown, KY 42701",
    "phone": "270-769-6888"
  },
  {
    "name": "Baptist Health Internal Medicine & Pediatrics",
    "address": "7101 West Highway 22, Crestwood, KY 40014",
    "phone": "502-241-6567"
  },
  {
    "name": "Baptist Health Family Medicine - Princeton",
    "address": "605 South Jefferson Street, Princeton, KY 42445",
    "phone": "270-365-5502"
  },
  {
    "name": "Baptist Health Family Medicine - Calvert City",
    "address": "4754 US Highway 62, Calvert City, KY 42029",
    "phone": "270-415-7780"
  },
  {
    "name": "Baptist Health Internal Medicine & Pediatrics",
    "address": "100 Providence Way, Suite, Nicholasville, KY 40356",
    "phone": "859-260-5370"
  },
  {
    "name": "Baptist Health Family CAREERS",
    "address": "Eddyville, KY 42038",
    "phone": "270-388-5454"
  },
  {
    "name": "Baptist Health Medical Group Hospital Medicine",
    "address": "913 North Dixie Avenue, Elizabethtown, KY 42701",
    "phone": "270-706-5612"
  },
  {
    "name": "Baptist Health Medical Group Gastroenterology",
    "address": "2605 Kentucky Avenue, Suite, Paducah, KY 42003",
    "phone": "270-415-4690"
  },
  {
    "name": "Baptist Health Medical Group Gastroenterology",
    "address": "3950 Kresge Way, Floor 2, Louisville, KY 40207",
    "phone": "502-893-0220"
  },
  {
    "name": "Baptist Health Medical Group Gastroenterology",
    "address": "1780 Nicholasville Road, Suite, Lexington, KY 40503",
    "phone": "859-260-5051"
  },
  {
    "name": "Baptist Health Medical Group Gastroenterology",
    "address": "1720 Nicholasville Road, Suite, Lexington, KY 40503",
    "phone": "859-276-4382"
  },
  {
    "name": "Baptist Health Breckenridge Imaging",
    "address": "2800 Breckenridge Lane, Louisville, KY 40220",
    "phone": "502-897-8888"
  },
  {
    "name": "Baptist Health Medical Group Vascular Surgery",
    "address": "4003 Kresge Way, Suite 300, Louisville, KY 40207",
    "phone": "502-897-5139"
  },
  {
    "name": "Baptist Health Medical Group Vascular Surgery",
    "address": "1919 State Street, Suite 200, New Albany, IN 47150",
    "phone": "812-981-8703"
  },
  {
    "name": "Baptist Health Louisville Non-Invasive Vascular",
    "address": "136 E Cotton Ave, Jeffersonville, IN 47130",
    "phone": "812-981-8701"
  },
  {
    "name": "Baptist Health Lexington Emergency Care",
    "address": "1740 Nicholasville Road, Lexington, KY 40503",
    "phone": "(859) 260-6100"
  },
  {
    "name": "Baptist Health La Grange Emergency Care",
    "address": "1025 New Moody Lane, La Grange, KY 40031",
    "phone": "502-222-3255"
  },
  {
    "name": "Baptist Health Medical Group Ear, Nose & Throat",
    "address": "2411 Ring Road, Suite 105, Elizabethtown, KY 42701",
    "phone": "270-706-5265"
  },
  {
    "name": "Baptist Health Primary CAREERS",
    "address": "Louisville, KY 40245",
    "phone": "502-243-9044"
  },
  {
    "name": "Baptist Health La Grange Rehabilitation Services",
    "address": "1031 New Moody Lane, La Grange, KY 40031",
    "phone": "(502) 222-3303"
  },
  {
    "name": "Baptist Health Medical Group Endocrinology",
    "address": "1 Trillium Way, Suite 209, Corbin, KY 40701",
    "phone": "859-639-1210"
  },
  {
    "name": "Baptist Health Medical Group Cardiac Surgery",
    "address": "1919 State Street, Suite 360, New Albany, IN 47150",
    "phone": "502-899-3858"
  },
  {
    "name": "Baptist Health Hamburg Imaging and Diagnostics",
    "address": "3000 Baptist Health Blvd, Lexington, KY 40509",
    "phone": "859-422-9600"
  },
  {
    "name": "Baptist Health Outpatient Center at Georgetown",
    "address": "206 Bevins Lane, Georgetown, KY 40324",
    "phone": "502-570-5525"
  },
  {
    "name": "Baptist Health Medical Group Cardiology",
    "address": "4754 US Highway 62, Calvert City, KY 42029",
    "phone": "270-759-4098"
  },
  {
    "name": "Baptist Health Medical Group Ear, Nose & Throat",
    "address": "100 Commerce Drive, Brandenburg, KY 40108",
    "phone": "270-706-5265"
  },
  {
    "name": "Baptist Health Medical CAREERS",
    "address": "601, Paducah, KY 42003",
    "phone": "270-408-4368"
  },
  {
    "name": "Baptist Health Medical Group Endocrinology",
    "address": "3084 Lakecrest Circle, Suite, Lexington, KY 40513",
    "phone": "859-639-1210"
  },
  {
    "name": "Baptist Health Medical Group Colon & Rectal",
    "address": "4001 Kresge Way, Suite 210, Louisville, KY 40207",
    "phone": "502-895-3633"
  },
  {
    "name": "Baptist Health Medical Group Cardiology",
    "address": "329 Floyd Drive, Suite C, Carrollton, KY 41008",
    "phone": "502-452-1677"
  },
  {
    "name": "Baptist Health Medical Group Cardiothoracic",
    "address": "1 Trillium Way, Suite 204, Corbin, KY 40701",
    "phone": "606-526-4960"
  },
  {
    "name": "Baptist Health Medical Group Endocrinology",
    "address": "754 South Highway 27, Somerset, KY 42501",
    "phone": "859-639-1210"
  },
  {
    "name": "Baptist Health Medical Group Cardiology",
    "address": "4003 Kresge Way, Suite 400, Louisville, KY 40207",
    "phone": "502-452-1677"
  },
  {
    "name": "Baptist Health Medical Group Cardiology",
    "address": "4002 Kresge Way, Suite 110, Louisville, KY 40207",
    "phone": "502-893-7710"
  },
  {
    "name": "Baptist Health Medical Group Endocrinology",
    "address": "4003 Kresge Way, Suite 400, Louisville, KY 40207",
    "phone": "502-895-4263"
  },
  {
    "name": "Baptist Health Medical Group Cardiology",
    "address": "3900 Kresge Way, Suite 60, Louisville, KY 40207",
    "phone": "502-893-7710"
  },
  {
    "name": "Baptist Health Medical Group Cardiology",
    "address": "3793 Poplar Level Road, Louisville, KY 40213",
    "phone": "502-452-1677"
  },
  {
    "name": "Baptist Health Medical Group Cardiology",
    "address": "2400 Eastpoint Parkway, Suite, Louisville, KY 40223",
    "phone": "502-893-7710"
  },
  {
    "name": "Baptist Health Medical Group Cardiology",
    "address": "10216 Taylorsville Road, Suite, Louisville, KY 40299",
    "phone": "502-893-7710"
  },
  {
    "name": "Baptist Health Medical Group Cardiology",
    "address": "789 Eastern Bypass, Suite 12, Richmond, KY 40475",
    "phone": "859-624-1826"
  },
  {
    "name": "Baptist Health Medical Group Cardiology",
    "address": "1720 Nicholasville Road, Suite, Lexington, KY 40503",
    "phone": "859-277-5887"
  },
  {
    "name": "Baptist Health Medical Group Cardiology",
    "address": "101 Winston Way, Suite 100, Campbellsville, KY 42718",
    "phone": "270-789-9640"
  },
  {
    "name": "Baptist Health Medical Group Cardiology",
    "address": "55 Thannoli Drive, Somerset, KY 42503",
    "phone": "606-677-0854"
  },
  {
    "name": "Baptist Health Medical Group Cardiology",
    "address": "2 Trillium Way, Suite 210, Corbin, KY 40701",
    "phone": "606-523-3038"
  },
  {
    "name": "Baptist Health Medical Group Cardiology",
    "address": "200 Cardinal Drive, Suite 308, Elizabethtown, KY 42701",
    "phone": "270-765-5921"
  },
  {
    "name": "Baptist Health Medical CAREERS",
    "address": "1700 Nicholasville Road, Suite, Lexington, KY 40503",
    "phone": "859-278-5671"
  },
  {
    "name": "Baptist Health Medical Group Hematology & Urgent Care",
    "address": "2501 Kentucky Avenue, Suite, Paducah, KY 42003",
    "phone": "270-554-0011"
  },
  {
    "name": "Baptist Health Medical Group Hematology & Urgent Care",
    "address": "610 East Brannon Road, Suite, Nicholasville, KY 40356",
    "phone": "859-276-0414"
  },
  {
    "name": "Baptist Health Medical Group Cardiology",
    "address": "1031 New Moody Lane, Suite, La Grange, KY 40031",
    "phone": "502-893-7710"
  },
  {
    "name": "Baptist Health Medical CAREERS",
    "address": "Mount Vernon, KY 40456",
    "phone": "859-623-3576"
  },
  {
    "name": "Baptist Health Medical Group Cardiology",
    "address": "1208 Johnson Boulevard, Murray, KY 42071",
    "phone": "270-759-4098"
  },
  {
    "name": "Baptist Health Medical Group Cardiology",
    "address": "100 Commerce Drive, Brandenburg, KY 40108",
    "phone": "270-765-5921"
  },
  {
    "name": "Baptist Health Medical Group Cardiology",
    "address": "911 North Shelby Street, Salem, IN 47167",
    "phone": "812-723-7454"
  },
  {
    "name": "Baptist Health Medical CAREERS",
    "address": "Scottsburg, IN 47170",
    "phone": "812-752-3424"
  },
  {
    "name": "Baptist Health Medical Group Cardiology",
    "address": "642 West Hospital Road, Paoli, IN 47454",
    "phone": "812-282-1617"
  },
  {
    "name": "Baptist Health Internal Medicine - Paducah I",
    "address": "2605 Kentucky Avenue, Suite, Paducah, KY 42003",
    "phone": "270-575-5990"
  },
  {
    "name": "Baptist Health Medical Group Cardiology",
    "address": "313 Federal Drive Northwest, Corydon, IN 47112",
    "phone": "812-734-3954"
  },
  {
    "name": "Baptist Health Medical Group Cardiology",
    "address": "2601 Kentucky Avenue, Suite, Paducah, KY 42003",
    "phone": "270-575-3113"
  },
  {
    "name": "Baptist Health Primary Care - Harrodsburg Road",
    "address": "2040 Harrodsburg Road, Suite, Lexington, KY 40503",
    "phone": "(859) 899-7990"
  },
  {
    "name": "Baptist Health Primary CAREERS",
    "address": "2108 Nicholasville Road, Lexington, KY 40503",
    "phone": "859-278-9413"
  },
  {
    "name": "Baptist Health Medical Group Sports Medicine",
    "address": "1101 North Jim Day Road, Suite, Salem, IN 47167",
    "phone": "(812) 733-4444"
  },
  {
    "name": "Baptist Health Family Medicine - Bardstown I",
    "address": "3615 E. John Rowan Blvd, Suite, Bardstown, KY 40004",
    "phone": "502-348-5968"
  },
  {
    "name": "Baptist Health Medical Group General Surgery",
    "address": "313 Federal Drive Northwest, Corydon, IN 47112",
    "phone": "812-949-5575"
  },
  {
    "name": "Baptist Health Medical Group General Surgery",
    "address": "1 Trillium Way, Suite 303, Corbin, KY 40701",
    "phone": "606-526-7363"
  },
  {
    "name": "Baptist Health Medical Group General Surgery",
    "address": "1031 New Moody Lane, Suite, La Grange, KY 40031",
    "phone": "502-225-9877 (Hart)"
  },
  {
    "name": "Baptist Health Medical Group General Surgery",
    "address": "200 Cardinal Drive, Suite 210, Elizabethtown, KY 42701",
    "phone": "270-769-5551"
  },
  {
    "name": "Baptist Health Medical Group Neurology",
    "address": "1 Trillium Way, Suite 111, Corbin, KY 40701",
    "phone": "859-639-0905"
  },
  {
    "name": "Baptist Health Internal Medicine - Memorial",
    "address": "908 Memorial Court, Suite, Elizabethtown, KY 42701",
    "phone": "270-769-1049"
  },
  {
    "name": "Baptist Health Primary Care - St Matthews I",
    "address": "3950 Kresge Way, Suite 104, Louisville, KY 40207",
    "phone": "502-896-8028"
  },
  {
    "name": "Baptist Health Medical Group Cardiology",
    "address": "325 West Walnut Street, Suite, Lebanon, KY 40033",
    "phone": "270-765-5921"
  },
  {
    "name": "Baptist Health Primary CAREERS",
    "address": "102, Louisville, KY 40219",
    "phone": "502-459-4900"
  },
  {
    "name": "Baptist Health Primary Care - Eastpoint II",
    "address": "2400 Eastpoint Parkway, Suite, Louisville, KY 40223",
    "phone": "502-253-6630"
  },
  {
    "name": "Baptist Health Primary Care - Eastpoint I",
    "address": "2400 Eastpoint Parkway, Suite, Louisville, KY 40223",
    "phone": "502-244-6899"
  },
  {
    "name": "Baptist Health Primary Care - Buechel",
    "address": "2312 Hikes Lane, Louisville, KY 40218",
    "phone": "502-479-7229"
  },
  {
    "name": "Baptist Health Primary Care - Shelbyville",
    "address": "140 Stonecrest Road, Suite 101, Shelbyville, KY 40065",
    "phone": "502-928-1060"
  },
  {
    "name": "Baptist Health Primary Care - Middletown",
    "address": "12010 Shelbyville Road, Suite, Louisville, KY 40243",
    "phone": "502-897-9191"
  },
  {
    "name": "Baptist Health Primary Care - Blakenbaker",
    "address": "11701 Bluegrass Parkway, Suite, Louisville, KY 40299",
    "phone": "502-245-4168"
  },
  {
    "name": "Baptist Health Primary CAREERS",
    "address": "500, Louisville, KY 40299",
    "phone": "502-928-1050"
  },
  {
    "name": "Baptist Health Primary Care - Jeffersontown I",
    "address": "10216 Taylorsville Road, Suite, Louisville, KY 40299",
    "phone": "502-267-5456"
  },
  {
    "name": "Baptist Health Primary Care - Frankfort East",
    "address": "4 Hmb Circle, Frankfort, KY 40601",
    "phone": "502-695-7725"
  },
  {
    "name": "Baptist Health Primary Care - Richmond Road",
    "address": "120 Prosperous Place, Suite, Lexington, KY 40509",
    "phone": "859-543-4340"
  },
  {
    "name": "Baptist Health Primary Care - Shepherdsville",
    "address": "1578 Highway 44 East, Unit 2, Shepherdsville, KY 40165",
    "phone": "502-921-4161"
  },
  {
    "name": "Baptist Health Primary Care - Prospect",
    "address": "6041 Timber Ridge Drive, Prospect, KY 40059",
    "phone": "502-928-0910"
  },
  {
    "name": "Baptist Health Primary Care - Taylorsville",
    "address": "870 Taylorsville Road, Taylorsville, KY 40071",
    "phone": "502-477-8888"
  },
  {
    "name": "Baptist Health Medical Group Plastic & Urgent Care",
    "address": "511 Robinbrooke Boulevard, Elizabethtown, KY 42701",
    "phone": "270-706-1945"
  },
  {
    "name": "Baptist Health Medical CAREERS",
    "address": "Corbin, KY 40701",
    "phone": "606-528-5531"
  },
  {
    "name": "Baptist Health Medical Group Behavioral Health",
    "address": "1840 Cumberland Falls, Corbin, KY 40701",
    "phone": "606-526-4429"
  },
  {
    "name": "Baptist Health Primary Care - Murray",
    "address": "506 North 12th Street, Murray, KY 42071",
    "phone": "270-415-7055"
  },
  {
    "name": "Baptist Health Primary Care - Village Square",
    "address": "4620 Village Square Drive, Paducah, KY 42001",
    "phone": "270-442-8575"
  },
  {
    "name": "Baptist Health Primary Care - Strawberry Hills",
    "address": "2670 New Holt Road, Suite 120, Paducah, KY 42001",
    "phone": "(270) 575-1010"
  },
  {
    "name": "Baptist Health Primary Care - Northeast",
    "address": "9815 Brownsboro Road, Louisville, KY 40241",
    "phone": "502-426-4264"
  },
  {
    "name": "Baptist Health Medical Group Infectious Disease",
    "address": "1 Trillium Way, Suite 111, Corbin, KY 40701",
    "phone": "606-523-8770"
  },
  {
    "name": "Baptist Health Medical Group Pulmonary & Urgent Care",
    "address": "200 Cardinal Drive, Suite 413, Elizabethtown, KY 42701",
    "phone": "270-706-5787"
  },
  {
    "name": "Baptist Health Medical Group Podiatry",
    "address": "551 Westport Road, Suite A, Elizabethtown, KY 42701",
    "phone": "270-769-1303"
  },
  {
    "name": "Baptist Health Hardin Diabetes Care",
    "address": "521 Robinbrooke Boulevard, Elizabethtown, KY 42701",
    "phone": "270-706-6944"
  },
  {
    "name": "Baptist Health Medical Group Heart Failure Clinic",
    "address": "200 Cardinal Drive, Suite 409, Elizabethtown, KY 42701",
    "phone": "270-979-7325"
  }
]