[
  {
    "name": "CHI Saint Joseph Health - Outpatient Rehabilitation, Lymphedema Therapy and Wound Care",
    "address": "One Saint Joseph Dr, 5th Floor, Lexington, KY 40504",
    "phone": ""
  },
  {
    "name": "CHI Saint Joseph Health - Continuing Care Hospital",
    "address": "One Saint Joseph Dr, 3rd Floor, Lexington, KY 40504",
    "phone": ""
  },
  {
    "name": "CHI Saint Joseph Health - Wound Care Center, Lexington",
    "address": "One Saint Joseph Dr, 5th Floor, Lexington, KY 40504",
    "phone": ""
  },
  {
    "name": "CHI Saint Joseph Medical Group - Neurology - Lexington, KY",
    "address": "1 Saint Joseph Drive, Lexington, KY 40504",
    "phone": ""
  },
  {
    "name": "CHI Saint Joseph Medical Group - Cardiology, Harrodsburg Road",
    "address": "1401 Harrodsburg Road, Suite C-100, Lexington, KY 40504",
    "phone": ""
  },
  {
    "name": "CHI Saint Joseph Medical Group - Gastroenterology - Lexington, KY (Suite 305)",
    "address": "1401 Harrodsburg Road, Suite C 305, Lexington, KY 40504",
    "phone": ""
  },
  {
    "name": "CHI Saint Joseph Medical Group - Cardiovascular and Thoracic Surgery - Lexington, KY",
    "address": "1401 Harrodsburg Road, Suite B-275, Lexington, KY 40504",
    "phone": ""
  },
  {
    "name": "CHI Saint Joseph Health - Park Physical Therapy",
    "address": "1401 Harrodsburg Rd, Suite C-55, Lexington, KY 40504",
    "phone": ""
  },
  {
    "name": "CHI Saint Joseph Health - Office Park",
    "address": "1401 Harrodsburg Rd, Lexington, KY 40504",
    "phone": ""
  },
  {
    "name": "CHI Saint Joseph Health - Cardiac Rehabilitation",
    "address": "1401 Harrodsburg Rd, Suite A-480, Lexington, KY 40504",
    "phone": ""
  },
  {
    "name": "CHI Saint Joseph Medical Group - Cardiology/Electrophysiology",
    "address": "1401 Harrodsburg Road, Suite A-300, Lexington, KY 40504",
    "phone": ""
  },
  {
    "name": "CHI Saint Joseph Health - Outpatient Diagnostic Center, Lexington",
    "address": "1401 Harrodsburg Rd, Suite C-45, Lexington, KY 40504",
    "phone": ""
  },
  {
    "name": "CHI Saint Joseph Medical Group - Pulmonology and Critical Care Medicine",
    "address": "1401 Harrodsburg Road, Suite C-405, Lexington, KY 40504",
    "phone": ""
  },
  {
    "name": "CHI Saint Joseph Health - Breast Care Center, Harrodsburg Road",
    "address": "1401 Harrodsburg Road, Suite C-45, Lexington, KY 40504",
    "phone": ""
  },
  {
    "name": "CHI Saint Joseph Medical Group - Primary Care (Suite 160)",
    "address": "1401 Harrodsburg Road, Suite B 160, Lexington, KY 40504",
    "phone": ""
  },
  {
    "name": "CHI Saint Joseph Medical Group - Neurology - Lexington, KY (Suite 280)",
    "address": "1401 Harrodsburg Road, Suite B-280, Lexington, KY 40504",
    "phone": ""
  },
  {
    "name": "CHI Saint Joseph Medical Group - Surgery - Lexington, KY (Suite 355) Medical Group ClinicClosed ",
    "address": "1401 Harrodsburg Road, Suite B 355, Lexington, KY 40504",
    "phone": ""
  },
  {
    "name": "CHI Saint Joseph Health - Outpatient Surgery Center",
    "address": "1451 Harrodsburg Road, Suite D-102, Lexington, KY 40504",
    "phone": ""
  },
  {
    "name": "CHI Saint Joseph Health - Cancer Care Center - Radiation Oncology, Bob-O- Link Drive",
    "address": "701 Bob-O-Link Dr, Suite 120, Lexington, KY 40504",
    "phone": ""
  },
  {
    "name": "CHI Saint Joseph Medical Group - Primary Care (Suite 100)",
    "address": "1000 Monarch Street, Suite 100, Lexington, KY 40513",
    "phone": ""
  },
  {
    "name": "CHI Saint Joseph Medical Group - Neurosurgery Specialty Center",
    "address": "1021 Majestic Drive, Suite 200, Lexington, KY 40513",
    "phone": ""
  },
  {
    "name": "CHI Saint Joseph Medical Group - Neurology - Lexington, KY (Suite 200)",
    "address": "1021 Majestic Drive, Suite 200, Lexington, KY 40513",
    "phone": ""
  },
  {
    "name": "CHI Saint Joseph Health – Outpatient Rehabilitation, C.M. Gatton Beaumont YMCA",
    "address": "3251 Beaumont Centre Circle, YMCA, Lexington, KY 40513",
    "phone": ""
  },
  {
    "name": "CHI Saint Joseph Medical Group - Primary Care (Suite 350) Medical Group Clinic",
    "address": "3581 Harrodsburg Road, Suite 350, Lexington, KY 40513",
    "phone": ""
  },
  {
    "name": "CHI Saint Joseph Health - Behavioral Health (Suite 350)",
    "address": "3581 Harrodsburg Road, Suite 350, Lexington, KY 40513",
    "phone": ""
  },
  {
    "name": "CHI Saint Joseph Health - Imaging, Harrodsburg Rd Diagnostic Imaging Center",
    "address": "3581 Harrodsburg Rd, Suite 175, Lexington, KY 40513",
    "phone": ""
  },
  {
    "name": "CHI Saint Joseph Medical Group - Express Care",
    "address": "3581 Harrodsburg Road, Suite 125, Lexington, KY 40504",
    "phone": ""
  },
  {
    "name": "CHI Saint Joseph Medical Group - Pulmonology, Fountain Court",
    "address": "211 Fountain Court, Suite 210, Lexington, KY 40509",
    "phone": ""
  },
  {
    "name": "CHI Saint Joseph Health - Imaging, Fountain Court",
    "address": "211 Fountain Court, Suite 130, Lexington, KY 40509",
    "phone": ""
  },
  {
    "name": "CHI Saint Joseph Medical Group - Primary Care (Suite 120) Medical Group ClinicClosed ",
    "address": "211 Fountain Court, Suite 120, Lexington, KY 40509",
    "phone": ""
  },
  {
    "name": "CHI Saint Joseph Medical Group - Cardiology, Fountain Court",
    "address": "211 Fountain Court, Suite 210, Lexington, KY 40509",
    "phone": ""
  },
  {
    "name": "CHI Saint Joseph Medical Group - Orthopedics & Podiatry - Lexington, KY",
    "address": "211 Fountain Court, Suite 220, Lexington, KY 40509",
    "phone": ""
  },
  {
    "name": "CHI Saint Joseph Medical Group - Obstetrics & Gynecology - Lexington, KY",
    "address": "211 Fountain Court, Suite 230, Lexington, KY 40509",
    "phone": ""
  },
  {
    "name": "CHI Saint Joseph Medical Group - Primary Care - Lexington, KY (Suite 340)",
    "address": "211 Fountain Court, Suite 340, Lexington, KY 40509",
    "phone": ""
  },
  {
    "name": "CHI Saint Joseph Medical Group – Orthopedics – Hand Surgery",
    "address": "211 Fountain Court, Ste 320, Lexington, KY 40509",
    "phone": ""
  },
  {
    "name": "CHI Saint Joseph Health - Outpatient Rehabilitation, Legacy Reserve",
    "address": "2700 Man O' War Blvd, Lexington, KY 40515",
    "phone": ""
  },
  {
    "name": "CHI Saint Joseph Medical Group – Maternal Fetal Medicine Specialty Center",
    "address": "170 N. Eagle Creek Dr, Suite 110 Lexington, KY 40509, Suite 110, Lexington, KY 40509",
    "phone": ""
  },
  {
    "name": "CHI Saint Joseph Medical Group - Obstetrics & Gynecology, N Eagle Creek Dr",
    "address": "170 N Eagle Creek Dr, Suite 104, Lexington, KY 40509",
    "phone": ""
  },
  {
    "name": "CHI Saint Joseph Health - Women's Hospital at Saint Joseph East",
    "address": "170 N Eagle Creek Dr, Lexington, KY 40509",
    "phone": ""
  },
  {
    "name": "CHI Saint Joseph Health - Outpatient Rehabilitation, N. Eagle Creek Drive",
    "address": "160 N. Eagle Creek Drive, Suite 103, Lexington, KY 40509",
    "phone": ""
  },
  {
    "name": "CHI Saint Joseph Health - Sleep Care Center, Lexington",
    "address": "160 N. Eagle Creek Dr, Suite 302, Lexington, KY 40509",
    "phone": ""
  },
  {
    "name": "CHI Saint Joseph Medical Group - Gastroenterology - Lexington, KY (Suite 202)",
    "address": "160 N Eagle Creek Drive, Suite 202, Lexington, KY 40509",
    "phone": ""
  },
  {
    "name": "CHI Saint Joseph Health - Center for Weight Management",
    "address": "160 North Eagle Creek Drive, Suite 201, Lexington, KY 40509",
    "phone": ""
  },
  {
    "name": "CHI Saint Joseph Medical Group - Surgery - Lexington, KY (Suite 201)",
    "address": "160 North Eagle Creek Drive, Suite 201, Lexington, KY 40509",
    "phone": ""
  },
  {
    "name": "CHI Saint Joseph Health - Breast Care Center, N Eagle Creek Drive",
    "address": "160 N. Eagle Creek Drive, Suites 101 & 104, Lexington, KY 40509",
    "phone": ""
  },
  {
    "name": "CHI Saint Joseph Health - Behavioral Health (Suite 302)",
    "address": "160 N. Eagle Creek Drive, Suite 302, Lexington, KY 40509",
    "phone": ""
  },
  {
    "name": "CHI Saint Joseph Health - Saint Joseph East",
    "address": "150 N Eagle Creek Dr, Lexington, KY 40509",
    "phone": ""
  },
  {
    "name": "CHI Saint Joseph Health - Saint Joseph East - Emergency Room",
    "address": "150 N Eagle Creek Dr, Lexington, KY 40509",
    "phone": ""
  },
  {
    "name": "CHI Saint Joseph Medical Group - Neurology- Blazer Parkway",
    "address": "3470 Blazer Parkway, Suite 150, Lexington, KY 40509",
    "phone": ""
  },
  {
    "name": "CHI Saint Joseph Health – Cancer Care Center – Support Services",
    "address": "3470 Blazer Parkway, Suite 230, Lexington, KY 40509",
    "phone": ""
  },
  {
    "name": "CHI Saint Joseph Health - Cancer Care Center - Lexington, KY",
    "address": "3470 Blazer Parkway, Suite 200, Lexington, KY 40509",
    "phone": ""
  },
  {
    "name": "CHI Saint Joseph Health - Cancer Care Center - Hematology Oncology, Blazer Pkwy",
    "address": "3470 Blazer Parkway, Suite 300, Lexington, KY 40509",
    "phone": ""
  },
  {
    "name": "CHI Saint Joseph Health - Cancer Care Center - Radiation Oncology, Blazer Pkwy",
    "address": "3470 Blazer Pkwy, Suite 200, Lexington, KY 40509",
    "phone": ""
  },
  {
    "name": "CHI Saint Joseph Health - Imaging, Nicholasville",
    "address": "1250 Keene Rd, Nicholasville, KY 40356",
    "phone": ""
  },
  {
    "name": "CHI Saint Joseph Health - Saint Joseph Jessamine",
    "address": "1250 Keene Rd, Suite 102, Nicholasville, KY 40356",
    "phone": ""
  },
  {
    "name": "CHI Saint Joseph Health - Breast Care Center, Nicholasville Specialty Center",
    "address": "1250 Keene Rd, Nicholasville, KY 40356",
    "phone": ""
  },
  {
    "name": "CHI Saint Joseph Medical Group - Cardiology - Nicholasville, KY",
    "address": "1250 Keene Rd, Suite 102, Nicholasville, KY 40356",
    "phone": ""
  },
  {
    "name": "CHI Saint Joseph Health - Outpatient Diagnostics, Nicholasville",
    "address": "1250 Keene Rd, Nicholasville, KY 40356",
    "phone": ""
  },
  {
    "name": "CHI Saint Joseph Medical Group - Podiatry - Nicholasville, KY",
    "address": "1250 Keene Rd, Suite 102, Nicholasville, KY 40356",
    "phone": ""
  },
  {
    "name": "CHI Saint Joseph Health - Outpatient Rehabilitation, Nicholasville",
    "address": "1250 Keene Rd, Suite 101, Nicholasville, KY 40356",
    "phone": ""
  },
  {
    "name": "CHI Saint Joseph Medical Group - Primary Care - Georgetown, KY Medical Group Clinic",
    "address": "150 Mount Vernon Rd, Suite 300, Georgetown, KY 40324",
    "phone": ""
  },
  {
    "name": "CHI Saint Joseph Medical Group - Cardiology - Winchester, KY",
    "address": "1850 Bypass Road, Winchester, KY 40391",
    "phone": ""
  },
  {
    "name": "CHI Saint Joseph Medical Group - Podiatry - Winchester, KY Specialty Center",
    "address": "1850 Bypass Road, Winchester, KY 40391",
    "phone": ""
  },
  {
    "name": "CHI Saint Joseph Medical Group - Gastroenterology - Winchester, KY Medical Group Clinic",
    "address": "1850 Bypass Road, Winchester, KY 40391",
    "phone": ""
  },
  {
    "name": "CHI Saint Joseph Medical Group - Obstetrics & Gynecology - Winchester, KY Specialty Center",
    "address": "1850 Bypass Road, Winchester, KY 40391",
    "phone": ""
  },
  {
    "name": "CHI Saint Joseph Medical Group - Orthopedics - Winchester, KY",
    "address": "1850 Bypass Road, Winchester, KY 40391",
    "phone": ""
  },
  {
    "name": "CHI Saint Joseph Health - Imaging, Winchester",
    "address": "1850 Bypass Road, Winchester, KY 40391",
    "phone": ""
  },
  {
    "name": "CHI Saint Joseph Health - Outpatient Rehabilitation - Winchester, KY",
    "address": "1850 Bypass Road, Winchester, KY 40391",
    "phone": ""
  },
  {
    "name": "CHI Saint Joseph Medical Group - Primary Care - Winchester, KY",
    "address": "1850 Bypass Road, Winchester, KY 40391",
    "phone": ""
  },
  {
    "name": "CHI Saint Joseph Medical Group - Primary Care - Richmond, KY",
    "address": "1054 Center Drive, Suite 2, Richmond, KY 40475",
    "phone": ""
  },
  {
    "name": "CHI Saint Joseph Health - Outpatient Rehabilitation - Mt. Sterling, KY",
    "address": "624 N. Maysville Road, Mt. Sterling, KY 40353",
    "phone": ""
  },
  {
    "name": "CHI Saint Joseph Health - Outpatient Rehabilitation, N Maysville Rd",
    "address": "624 N. Maysville Rd, Mt. Sterling, KY 40353",
    "phone": ""
  },
  {
    "name": "CHI Saint Joseph Medical Group - Orthopedics & Podiatry, Mount Sterling",
    "address": "624 North Maysville Road, Suite A, Mount Sterling, KY 40353",
    "phone": ""
  },
  {
    "name": "CHI Saint Joseph Medical Group - Surgery - Berea, KY",
    "address": "2750 Battlefield Memorial Highway, Berea, KY 40403",
    "phone": ""
  },
  {
    "name": "CHI Saint Joseph Medical Group - Cardiology - Berea, KY",
    "address": "2750 Battlefield Memorial Highway, Berea, KY 40403",
    "phone": ""
  },
  {
    "name": "CHI Saint Joseph Medical Group - Primary Care - Berea, KY",
    "address": "2750 Battlefield Memorial Highway, Berea, KY 40403",
    "phone": ""
  },
  {
    "name": "CHI Saint Joseph Health - Mother & Baby Care, Mount Sterling",
    "address": "225 Falcon Dr, Mount Sterling, KY 40353",
    "phone": ""
  },
  {
    "name": "CHI Saint Joseph Health - Saint Joseph Mount Sterling",
    "address": "225 Falcon Dr, Mount Sterling, KY 40353",
    "phone": ""
  },
  {
    "name": "CHI Saint Joseph Health - Saint Joseph Mount Sterling - Emergency Room",
    "address": "225 Falcon Drive, Mount Sterling, KY 40353",
    "phone": ""
  },
  {
    "name": "CHI Saint Joseph Medical Group - Cardiology - Mount Sterling, KY",
    "address": "227 Falcon Drive, Suite 101, Mount Sterling, KY 40353",
    "phone": ""
  },
  {
    "name": "CHI Saint Joseph Medical Group - Urology - Mount Sterling, KY",
    "address": "227 Falcon Drive, Suite G 03, Mount Sterling, KY 40353",
    "phone": ""
  },
  {
    "name": "CHI Saint Joseph Medical Group - Gastroenterology - Mount Sterling, KY",
    "address": "227 Falcon Drive, Suite 104, Mount Sterling, KY 40353",
    "phone": ""
  },
  {
    "name": "CHI Saint Joseph Medical Group - Primary Care - Mount Sterling, KY (Suite G 03)",
    "address": "227 Falcon Drive, Suite G 03, Mount Sterling, KY 40353",
    "phone": ""
  },
  {
    "name": "CHI Saint Joseph Health - Cancer Care - Outpatient Infusion, Mount Sterling",
    "address": "227 Falcon Dr, Mt. Sterling, KY 40353",
    "phone": ""
  },
  {
    "name": "CHI Saint Joseph Health - Cancer Care Center - Mount Sterling, KY",
    "address": "227 Falcon Drive, Suite 103, Mount Sterling, KY 40353",
    "phone": ""
  },
  {
    "name": "CHI Saint Joseph Health - Outpatient Rehabilitation, Falcon Drive",
    "address": "227 Falcon Drive, Suite 102, Mt. Sterling, KY 40353",
    "phone": ""
  },
  {
    "name": "CHI Saint Joseph Medical Group - Surgery - Mount Sterling, KY (Suite 104)",
    "address": "227 Falcon Drive, Suite 104, Mount Sterling, KY 40353",
    "phone": ""
  },
  {
    "name": "CHI Saint Joseph Medical Group - Primary Care - Mount Sterling, KY",
    "address": "40 South Bank Street, Mount Sterling, KY 40353",
    "phone": ""
  },
  {
    "name": "CHI Saint Joseph Medical Group – Cardiology Specialty Center",
    "address": "62 Westridge Drive, Danville, KY 40422",
    "phone": ""
  },
  {
    "name": "CHI Saint Joseph Health - General Surgery, Berea",
    "address": "305 Estill Street, 3rd Floor, Berea, KY 40403",
    "phone": ""
  },
  {
    "name": "CHI Saint Joseph Medical Group - Primary Care, Estill St",
    "address": "305 Estill Street, 4th Floor, Berea, KY 40403",
    "phone": ""
  },
  {
    "name": "CHI Saint Joseph Health - Saint Joseph Berea",
    "address": "305 Estill Street, Berea, KY 40403",
    "phone": ""
  },
  {
    "name": "CHI Saint Joseph Medical Group - Surgery - Berea, KY (3rd Floor)",
    "address": "305 Estill Street, 3rd Floor, Berea, KY 40403",
    "phone": ""
  },
  {
    "name": "CHI Saint Joseph Health - Outpatient Infusion, Berea",
    "address": "305 Estill St, 1st Floor, Berea, KY 40403",
    "phone": ""
  },
  {
    "name": "CHI Saint Joseph Health - Saint Joseph Berea - Emergency Room",
    "address": "305 Estill Street, Berea, KY 40403",
    "phone": ""
  },
  {
    "name": "CHI Saint Joseph Health - Outpatient Rehabilitation, Berea",
    "address": "305 Estill St, 1st Floor, Berea, KY 40403",
    "phone": ""
  },
  {
    "name": "CHI Saint Joseph Medical Group - Gastroenterology - Berea, KY",
    "address": "305 Estill Street, Berea, KY 40403",
    "phone": ""
  },
  {
    "name": "CHI Saint Joseph Health - Breast Care, Berea Specialty Center",
    "address": "305 Estill St, 1st Floor, Berea, KY 40403",
    "phone": ""
  },
  {
    "name": "CHI Saint Joseph Medical Group – Orthopedics - Berea, KY Specialty Center",
    "address": "305 Estill Street, 3rd Floor, Berea, KY 40403",
    "phone": ""
  },
  {
    "name": "CHI Saint Joseph Medical Group - Cardiology - Berea, KY (3rd Floor)",
    "address": "305 Estill Street, 3rd Floor, Berea, KY 40403",
    "phone": ""
  },
  {
    "name": "CHI Saint Joseph Medical Group - Primary Care - Berea, KY (4th Floor)",
    "address": "305 Estill Street, 4th Floor, Berea, KY 40403",
    "phone": ""
  },
  {
    "name": "CHI Saint Joseph Health - Senior Renewal Center Therapy Services",
    "address": "305 Estill St, Berea, KY 40403",
    "phone": ""
  },
  {
    "name": "CHI Saint Joseph Health - Outpatient Rehabilitation, Flemingsburg",
    "address": "101 JB Shannon Dr, Flemingsburg, KY 41041",
    "phone": ""
  },
  {
    "name": "CHI Saint Joseph Medical Group - Cardiology - Flemingsburg, KY",
    "address": "101 JB Shannon Drive, Suite A & B, Flemingsburg, KY 41041",
    "phone": ""
  },
  {
    "name": "CHI Saint Joseph Medical Group - Orthopedics - Lebanon, KY Medical Group Clinic",
    "address": "325 W. Walnut Street, Suite 200, Lebanon, KY 40033",
    "phone": ""
  },
  {
    "name": "CHI Saint Joseph Medical Group - Cardiology - Lebanon, KY",
    "address": "325 W. Walnut Street, Suite 200, Lebanon, KY 40033",
    "phone": ""
  },
  {
    "name": "CHI Saint Joseph Health - Express Care - Bardstown, KY",
    "address": "110 S. Salem Drive, Bardstown, KY 40004",
    "phone": ""
  },
  {
    "name": "CHI Saint Joseph Health - Pediatric Rehabilitation",
    "address": "115 S. Salem Drive, Bardstown, KY 40004",
    "phone": ""
  },
  {
    "name": "CHI Saint Joseph Medical Group - Cardiovascular and Thoracic Surgery - Maysville, KY",
    "address": "991 Medical Park Drive, Suite 107, Maysville, KY 41056",
    "phone": ""
  },
  {
    "name": "CHI Saint Joseph Medical Group – Cardiology",
    "address": "4359 New Shepherdsville Rd, Ste 205, Bardstown, KY 40004",
    "phone": ""
  },
  {
    "name": "CHI Saint Joseph Health – Cancer Care Center, Radiation Oncology",
    "address": "4359 New Shepherdsville Road, Suite 100, Bardstown, KY 40004",
    "phone": ""
  },
  {
    "name": "CHI Saint Joseph Medical Group - Obstetrics & Gynecology - Bardstown, KY",
    "address": "4359 New Shepherdsville Road, Flaget Medical Office, Building A, Suite 255, Bardstown, KY 40004",
    "phone": ""
  },
  {
    "name": "CHI Saint Joseph Health - Pain Management Center, Bardstown",
    "address": "4359 New Shepherdsville Rd, Medical Office Building A, Suite 155, Bardstown, KY 40004",
    "phone": ""
  },
  {
    "name": "CHI Saint Joseph Health - Breast Care Center, Bardstown",
    "address": "4305 New Shepherdsville Rd, Bardstown, KY 40004",
    "phone": ""
  },
  {
    "name": "CHI Saint Joseph Health - Mother & Baby Care, Bardstown",
    "address": "4305 New Shepherdsville Rd, Bardstown, KY 40004",
    "phone": ""
  },
  {
    "name": "CHI Saint Joseph Health - Flaget Memorial Hospital - Emergency Room",
    "address": "4305 New Shepherdsville Rd, Bardstown, KY 40004",
    "phone": ""
  },
  {
    "name": "CHI Saint Joseph Health - Flaget Memorial Hospital",
    "address": "4305 New Shepherdsville Rd, Bardstown, KY 40004",
    "phone": ""
  },
  {
    "name": "CHI Saint Joseph Health - Sleep Care Center, Bardstown",
    "address": "4359 New Shepherdsville Rd, Medical Office Building A, Suite 225, Bardstown, KY 40004",
    "phone": ""
  },
  {
    "name": "CHI Saint Joseph Medical Group - Surgery - Bardstown, KY (Suite 100)",
    "address": "4371 New Shepherdsville Road, Suite 100, Bardstown, KY 40004",
    "phone": ""
  },
  {
    "name": "CHI Saint Joseph Health - Outpatient Rehabilitation, Bardstown",
    "address": "4371 New Shepherdsville Road, SCN Medical Office Building B, Suite 110, Bardstown, KY 40004",
    "phone": ""
  },
  {
    "name": "CHI Saint Joseph Medical Group – Cardiology and Electrophysiology",
    "address": "4371 New Shepherdsville Road, Suite C-100, Bardstown, KY 40004",
    "phone": ""
  },
  {
    "name": "CHI Saint Joseph Medical Group - Orthopedics - Bardstown, KY Medical Group Clinic",
    "address": "4371 New Shepherdsville Road, First Floor, Ste 100, Bardstown, KY 40004",
    "phone": ""
  },
  {
    "name": "CHI Saint Joseph Health - Cancer Care Center - Hematology Oncology, London",
    "address": "165 London Mountain View Dr, Suite 2, London, KY 40741",
    "phone": ""
  },
  {
    "name": "CHI Saint Joseph Health - Cancer Care Center - London, KY",
    "address": "165 London Mountain View Drive, Suite 1, London, KY 40741",
    "phone": ""
  },
  {
    "name": "CHI Saint Joseph Medical Group - Orthopedics - London, KY",
    "address": "160 London Mountain View Drive, London, KY 40741",
    "phone": ""
  },
  {
    "name": "CHI Saint Joseph Health - Imaging, London Mountain View Drive",
    "address": "148 London Mountain View Drive, Suite 1, London, KY 40741",
    "phone": ""
  },
  {
    "name": "CHI Saint Joseph Medical Group - Orthopedics - London, KY (Suite 4)",
    "address": "148 London Mountain View Drive, Suite 4, London, KY 40741",
    "phone": ""
  },
  {
    "name": "CHI Saint Joseph Health - Outpatient Rehabilitation, London",
    "address": "100 London Mountain View Dr, Suite 400, London, KY 40741",
    "phone": ""
  },
  {
    "name": "CHI Saint Joseph Medical Group - Surgery - London, KY (2nd Floor)",
    "address": "1025 Saint Joseph Lane, 2nd Floor, London, KY 40741",
    "phone": ""
  },
  {
    "name": "CHI Saint Joseph Medical Group - Cardiology - London, KY",
    "address": "1025 Saint Joseph Lane, 1st floor, London, KY 40741",
    "phone": ""
  },
  {
    "name": "CHI Saint Joseph Medical Group - Gastroenterology - London, KY",
    "address": "1025 Saint Joseph Lane, 2nd Floor, London, KY 40741",
    "phone": ""
  },
  {
    "name": "CHI Saint Joseph Medical Group - General Surgery Medical Group Clinic",
    "address": "1025 Saint Joseph Lane, London, KY 40741",
    "phone": ""
  },
  {
    "name": "CHI Saint Joseph Health - Cardiopulmonary Rehabilitation & Prevention, London",
    "address": "1025 Saint Joseph Lane, First Floor, London, KY 40741",
    "phone": ""
  },
  {
    "name": "CHI Saint Joseph Medical Group - Cardiovascular and Thoracic Surgery - London, KY",
    "address": "1025 Saint Joseph Lane, London, KY 40741",
    "phone": ""
  },
  {
    "name": "CHI Saint Joseph Medical Group - Pulmonology - London, KY",
    "address": "1025 Saint Joseph Lane, 1st Floor, London, KY 40741",
    "phone": ""
  },
  {
    "name": "CHI Saint Joseph Medical Group - Primary Care - London, KY (2nd Floor)",
    "address": "1025 Saint Joseph Lane, 2nd Floor, London, KY 40741",
    "phone": ""
  },
  {
    "name": "CHI Saint Joseph Medical Group – Orthopedics - London, KY Specialty Center",
    "address": "1025 Saint Joseph Lane, 2nd Floor, London, KY 40741",
    "phone": ""
  },
  {
    "name": "CHI Saint Joseph Health - Saint Joseph London",
    "address": "1001 Saint Joseph Lane, London, KY 40741",
    "phone": ""
  },
  {
    "name": "CHI Saint Joseph Health - Sleep Care Center, London",
    "address": "1001 Saint Joseph Lane, London, KY 40741",
    "phone": ""
  },
  {
    "name": "CHI Saint Joseph Health - Wound Care Center, London",
    "address": "1001 Saint Joseph Lane, 5th Floor, London, KY 40741",
    "phone": ""
  },
  {
    "name": "CHI Saint Joseph Health - Saint Joseph London - Emergency Room",
    "address": "1001 Saint Joseph Drive, London, KY 40741",
    "phone": ""
  },
  {
    "name": "CHI Saint Joseph Health - Breast Care, London",
    "address": "1001 Saint Joseph Lane, London, KY 40741",
    "phone": ""
  },
  {
    "name": "CHI Saint Joseph Health - Mother & Baby Care, London",
    "address": "1001 Saint Joseph Lane, London, KY 40741",
    "phone": ""
  },
  {
    "name": "CHI Saint Joseph Medical Group - Pediatrics",
    "address": "378 Thompson Poynter Road, London, KY 40741",
    "phone": ""
  },
  {
    "name": "CHI Saint Joseph Medical Group - Primary Care - London, KY",
    "address": "175 City Hill Drive, London, KY 40741",
    "phone": ""
  },
  {
    "name": "CHI Saint Joseph Medical Group - Neurology, London",
    "address": "192 Shopping Center, Suite 2, London, KY 40741",
    "phone": ""
  },
  {
    "name": "CHI Saint Joseph Medical Group - Primary Care - London, KY (Highway 192 East)",
    "address": "1270 Highway 192 East, London, KY 40741",
    "phone": ""
  },
  {
    "name": "CHI Saint Joseph Health - Cancer Care Center - Hematology Oncology, Corbin",
    "address": "1708 Forest Dr, Suite 101, Corbin, KY 40701",
    "phone": ""
  },
  {
    "name": "CHI Saint Joseph Medical Group - Cardiology - Corbin, KY",
    "address": "1500 Cumberland Falls Highway, Corbin, KY 40701",
    "phone": ""
  },
  {
    "name": "CHI Saint Joseph Medical Group - Pulmonology - Corbin, KY",
    "address": "1500 Cumberland Falls Highway, Corbin, KY 40701",
    "phone": ""
  },
  {
    "name": "CHI Saint Joseph Medical Group - Primary Care - Corbin, KY",
    "address": "2867 Cumberland Falls Highway, Corbin, KY 40701",
    "phone": ""
  },
  {
    "name": "CHI Saint Joseph Medical Group - Cardiology, Barbourville Medical Group ClinicClosed ",
    "address": "215 Treuhaft Boulevard, Suite 4, Barbourville, KY 40906",
    "phone": ""
  }
]