[
  {
    "name": "Associates in Obstetrics & Gynecology - St. Matthews",
    "address": "4123 Dutchmans Lane, Medical Plaza 3, Suite 300, Louisville, KY 40207",
    "phone": "(502) 899-6700"
  },
  {
    "name": "First Seizure Clinic - Brownsboro",
    "address": "4915 Norton Healthcare Boulevard, Medical Plaza III, Suite 301, Louisville, KY 40241",
    "phone": "(502) 394-6460"
  },
  {
    "name": "Gray Street Medical Building",
    "address": "210 East Gray Street, Louisville, KY 40202",
    "phone": "(502) 629-1234"
  },
  {
    "name": "Norton Diagnostic Center - St. Matthews",
    "address": "4046 Dutchmans Lane, Louisville, KY 40207",
    "phone": "(502) 893-7145"
  },
  {
    "name": "Norton Neuroscience Institute - Neurosurgery - Brownsboro",
    "address": "4915 Norton Healthcare Boulevard, Medical Plaza III, Suite 301, Louisville, KY 40241",
    "phone": "(502) 394-6390"
  },
  {
    "name": "Norton Leatherman Spine - St. Matthews",
    "address": "4123 Dutchmans Lane, Medical Plaza 3, Suite 101, Louisville, KY 40207",
    "phone": "(502) 584-7525"
  },
  {
    "name": "Norton Leatherman Spine - Angies Way",
    "address": "9880 Angies Way, Medical Plaza II, Suite 300, Louisville, KY 40241",
    "phone": "(502) 584-7525"
  },
  {
    "name": "Norton Neuroscience Institute - Frankfort",
    "address": "202 Limestone Street South, Suite 1B, Frankfort, KY 40601",
    "phone": "(502) 394-6460"
  },
  {
    "name": "Norton Neuroscience Institute - Neurology - St. Matthews",
    "address": "3991 Dutchmans Lane, Medical Plaza 2, Suite 310, Louisville, KY 40207",
    "phone": "(502) 583-1697"
  },
  {
    "name": "Norton Neuroscience Institute - Bardstown",
    "address": "106 West John Rowan Boulevard, Suite E2, Bardstown, KY 40004",
    "phone": "(502) 454-5044"
  },
  {
    "name": "Norton OB/GYN Associates - Downtown",
    "address": "601 South Floyd Street, Suite 500, Louisville, KY 40202",
    "phone": "(502) 629-1515"
  },
  {
    "name": "Norton OB/GYN Associates - Iroquois",
    "address": "5601 South 3rd Street, Level 2, Louisville, KY 40214",
    "phone": "(502) 629-1515"
  },
  {
    "name": "Norton Neuroscience Institute Cressman Neurological Rehabilitation - Brownsboro",
    "address": "4915 Norton Healthcare Boulevard, Medical Plaza III, Suite 401, Louisville, KY 40241",
    "phone": "(502) 446-8520"
  },
  {
    "name": "Norton Neuroscience Institute - Neurosurgery - Downtown",
    "address": "210 East Gray Street, Gray Street Medical Building, Suite 1105, Louisville, KY 40202",
    "phone": "(502) 583-1697"
  },
  {
    "name": "Norton Neuroscience Institute - Neurosurgery - Carrollton",
    "address": "309 11th Street, Carrollton, KY 41008",
    "phone": "(502) 583-1697"
  },
  {
    "name": "Norton Urogynecology Center - St. Matthews",
    "address": "4123 Dutchmans Lane, Medical Plaza 3, Suite 307, Louisville, KY 40207",
    "phone": "(502) 409-5600"
  },
  {
    "name": "Norton Surgical Specialists - Downtown",
    "address": "210 East Gray Street, Gray Street Medical Building, Suite 900, Louisville, KY 40202",
    "phone": "(502) 569-2220"
  },
  {
    "name": "Norton Urogynecology Center - Downtown",
    "address": "601 South Floyd Street, Suite 350, Louisville, KY 40202",
    "phone": "(502) 409-5600"
  },
  {
    "name": "Women's Care Physicians of Louisville - St. Matthews",
    "address": "4130 Dutchmans Lane, Suite 400, Louisville, KY 40207",
    "phone": "(502) 897-0697"
  },
  {
    "name": "Norton Women’s & Children’s Labor & Delivery – St. Matthews",
    "address": "4123 Dutchmans Lane, Medical Plaza 3, Level 2, Louisville, KY 40207",
    "phone": ""
  },
  {
    "name": "Norton Neuroscience Institute Memory Center Dementia Prevention Clinic",
    "address": "4915 Norton Healthcare Boulevard, Medical Plaza III, Suite 301, Louisville, KY 40241",
    "phone": "(502) 394-6390"
  },
  {
    "name": "Norton Hospital - Emergency",
    "address": "200 East Chestnut Street, Louisville, KY 40202",
    "phone": "(502) 629-8000"
  },
  {
    "name": "Norton Behavioral Health - West Louisville",
    "address": "850 South 28th Street, Suite 104, Louisville, KY 40211",
    "phone": "(502) 446-5610"
  },
  {
    "name": "Norton Healthcare Medical Plaza I - Brownsboro",
    "address": "4950 Norton Healthcare Boulevard, Louisville, KY 40241",
    "phone": "(502) 583-1697"
  },
  {
    "name": "CPA Lab - St. Matthews",
    "address": "3999 Dutchmans Lane, Suite 1G, Louisville, KY 40207",
    "phone": "(502) 899-6527"
  },
  {
    "name": "Norton St. Matthews Medical Plaza 3",
    "address": "4123 Dutchmans Lane, Saint Matthews, KY 40207",
    "phone": "(502) 629-1234"
  },
  {
    "name": "Norton Cancer Institute Children's Genetics - Novak Center",
    "address": "411 East Chestnut Street, Level 2, Louisville, KY 40202",
    "phone": "(502) 588-0850"
  },
  {
    "name": "Norton Women's Specialists - Mt. Washington",
    "address": "300 High Point Court, Suite B, Mount Washington, KY 40047",
    "phone": "(502) 629-2030"
  },
  {
    "name": "Norton Neuroscience Institute - Mt. Washington",
    "address": "300 High Point Court, Suite B, Mount Washington, KY 40047",
    "phone": "(502) 394-6390"
  },
  {
    "name": "Norton Women's Care - Versailles",
    "address": "206 West Tyson Street, Suite 1A, Versailles, IN 47042",
    "phone": "(812) 801-0856"
  },
  {
    "name": "Norton Healthcare Medical Plaza III - Brownsboro",
    "address": "4915 Norton Healthcare Boulevard, Louisville, KY 40241",
    "phone": ""
  },
  {
    "name": "Norton OB/GYN Associates - Audubon",
    "address": "2355 Poplar Level Road, Medical Plaza West, Suite 304, Louisville, KY 40217",
    "phone": "(502) 636-4946"
  },
  {
    "name": "Cressman Parkinson’s and Movement Disorders Center - Brownsboro",
    "address": "4915 Norton Healthcare Boulevard, Medical Plaza III, Suite 301, Louisville, KY 40241",
    "phone": "(502) 394-6460"
  },
  {
    "name": "Norton Pulmonary Specialists - West Market",
    "address": "100 West Market Street, Suite 2, Louisville, KY 40202",
    "phone": "(502) 587-8000"
  },
  {
    "name": "Norton Women's Care - Clark",
    "address": "207 Sparks Avenue, Suite 301, Jeffersonville, IN 47130",
    "phone": "(812) 280-5325"
  },
  {
    "name": "Norton Infectious Diseases Specialists - Brownsboro",
    "address": "4950 Norton Healthcare Boulevard, Medical Plaza I, Suite 303, Louisville, KY 40241",
    "phone": "(502) 446-6434"
  },
  {
    "name": "Norton Surgical Specialists - Madison",
    "address": "1373 East State Road 62, Suite 2C, Madison, IN 47250",
    "phone": "(812) 801-0840"
  },
  {
    "name": "Norton Diagnostic Center - Elizabethtown",
    "address": "157 Towne Drive, Suite 101, Elizabethtown, KY 42701",
    "phone": "(270) 740-5201"
  },
  {
    "name": "Neurology Multidisciplinary Clinic",
    "address": "4915 Norton Healthcare Boulevard, Medical Plaza III, Suite 402, Louisville, KY 40241",
    "phone": "(502) 559-3230"
  },
  {
    "name": "Norton Wound Healing Center - Clark",
    "address": "1220 Missouri Avenue, Norton Clark Hospital, Jeffersonville, IN 47130",
    "phone": "(812) 283-2850"
  },
  {
    "name": "Norton Pulmonary Specialists - Clark",
    "address": "207 Sparks Avenue, Suite 402, Jeffersonville, IN 47130",
    "phone": "(502) 559-5864"
  },
  {
    "name": "Norton Surgical Specialists - Clark",
    "address": "301 Gordon Gutmann Boulevard, Suite 401, Jeffersonville, IN 47130",
    "phone": "(812) 282-0637"
  },
  {
    "name": "Norton Clark Hospital Outpatient Surgery",
    "address": "209 Sparks Avenue, Norton Medical Plaza 1, Jeffersonville, IN 47130",
    "phone": "(812) 283-2560"
  },
  {
    "name": "Norton Gastroenterology Consultants of Louisville - Downtown",
    "address": "210 East Gray Street, Gray Street Medical Building, Suite 602, Louisville, KY 40202",
    "phone": "(502) 585-1557"
  },
  {
    "name": "Norton Gastroenterology Consultants of Louisville - St. Matthews",
    "address": "3999 Dutchmans Lane, Medical Plaza 1, Suite 7B, Louisville, KY 40207",
    "phone": "(502) 896-4711"
  },
  {
    "name": "Norton Multispecialty Clinic Gastroenterology - St. Matthews",
    "address": "3991 Dutchmans Lane, Medical Plaza 2, Suite 310, Louisville, KY 40207",
    "phone": "(502) 896-4711"
  },
  {
    "name": "Norton Community Medical Associates - Bullitt County",
    "address": "438 Adam Shepherd Parkway, Suite 1, Shepherdsville, KY 40165",
    "phone": "(502) 543-1055"
  },
  {
    "name": "Norton Community Medical Associates - Clarksville",
    "address": "2051 Clevidence Boulevard, Suite B, Clarksville, IN 47129",
    "phone": "(812) 280-9145"
  },
  {
    "name": "Norton Community Medical Associates - Highlands",
    "address": "2470 Bardstown Road, Suite A, Louisville, KY 40205",
    "phone": "(502) 454-9151"
  },
  {
    "name": "Norton Community Medical Associates - Hilltop Level 2",
    "address": "1373 East State Road 62, Level 2, Madison, IN 47250",
    "phone": "(812) 801-0828"
  },
  {
    "name": "Norton Community Medical Associates - Middletown",
    "address": "12955 Shelbyville Road, Suite 2, Louisville, KY 40243",
    "phone": "(502) 245-4301"
  },
  {
    "name": "Norton Community Medical Associates - Pleasure Ridge Park",
    "address": "8033 Dixie Highway, Louisville, KY 40258",
    "phone": "(502) 937-3155"
  },
  {
    "name": "Norton Community Medical Associates - Tyler Retail Village",
    "address": "12615 Taylorsville Road, Suite A, Louisville, KY 40299",
    "phone": "(502) 261-1595"
  },
  {
    "name": "Norton Community Medical Associates - Versailles",
    "address": "206 West Tyson Street, Versailles, IN 47042",
    "phone": "(812) 689-5101"
  },
  {
    "name": "Norton Community Medical Associates - West Louisville",
    "address": "850 South 28th Street, Suite 102, Louisville, KY 40211",
    "phone": "(502) 632-8300"
  },
  {
    "name": "Norton Community Medical Associates - Bowling Green",
    "address": "615 7th Avenue, Bowling Green, KY 42101",
    "phone": "(270) 846-4800"
  },
  {
    "name": "Norton Heart & Vascular Institute - Carrollton",
    "address": "309 11th Street, Carrollton, KY 41008",
    "phone": "(502) 634-3805"
  },
  {
    "name": "Norton Heart & Vascular Institute - Madison",
    "address": "630 Broadway Street, Suite 1C, Madison, IN 47250",
    "phone": "(812) 280-1419"
  },
  {
    "name": "Norton Heart & Vascular Institute - Women's Heart Program - St. Matthews",
    "address": "4123 Dutchmans Lane, Medical Plaza 3, Suite 301, Louisville, KY 40207",
    "phone": "(502) 891-8300"
  },
  {
    "name": "Norton Women's Specialists - Dixie",
    "address": "4420 Dixie Highway, Suite 128, Louisville, KY 40216",
    "phone": "(502) 449-6400"
  },
  {
    "name": "Norton Heart & Vascular Institute - Downtown",
    "address": "210 East Gray Street, Gray Street Medical Building, Suite 1002, Louisville, KY 40202",
    "phone": "(502) 584-2029"
  },
  {
    "name": "Norton Heart & Vascular Institute - Thoracic Surgery",
    "address": "3999 Dutchmans Lane, Norton St. Matthews Medical Plaza 1, Suite 1H, Louisville, KY 40207",
    "phone": "(502) 636-8004"
  },
  {
    "name": "Norton Heart & Vascular Institute - Vascular Surgery - Clark",
    "address": "207 Sparks Avenue, Suite 201, Jeffersonville, IN 47130",
    "phone": "(812) 280-1419"
  },
  {
    "name": "Norton Cardiothoracic Surgery - Audubon",
    "address": "3 Audubon Plaza Drive, Medical Plaza East, Louisville, KY 40217",
    "phone": "(502) 636-8004"
  },
  {
    "name": "Norton Surgical Specialists - Audubon",
    "address": "3 Audubon Plaza Drive, Medical Plaza East - Audubon, Suite LL2, Louisville, KY 40217",
    "phone": "(502) 637-3311"
  },
  {
    "name": "Norton Community Medical Associates - Greentree",
    "address": "2205 Greentree North, Clarksville, IN 47129",
    "phone": "(812) 283-4441"
  },
  {
    "name": "Norton Heart & Vascular Institute - Scottsburg",
    "address": "1473 North Gardner Street, Scottsburg, IN 47170",
    "phone": "(812) 752-8592"
  },
  {
    "name": "Norton Heart & Vascular Institute - Vascular Surgery - Shelbyville",
    "address": "150 Frankfort Road, Shelbyville, KY 40065",
    "phone": "(502) 891-8300"
  },
  {
    "name": "Norton Leatherman Spine - Shelbyville",
    "address": "150 Frankfort Road, Shelbyville, KY 40065",
    "phone": "(502) 584-7525"
  },
  {
    "name": "Norton Leatherman Spine - Elizabethtown",
    "address": "157 Towne Drive, Suite 103, Elizabethtown, KY 42701",
    "phone": "(502) 584-7525"
  },
  {
    "name": "Norton Cardiac & Pulmonary Rehabilitation Center - Springs",
    "address": "6420 Dutchmans Parkway, Louisville, KY 40205",
    "phone": "(502) 891-8500"
  },
  {
    "name": "Norton Heart & Vascular Institute - Heart Rhythm Center - Springs",
    "address": "6420 Dutchmans Parkway, The Springs Medical Center, Suite 200, Louisville, KY 40205",
    "phone": "(502) 891-8400"
  },
  {
    "name": "Norton Community Medical Associates - Dutchmans",
    "address": "6400 Dutchmans Parkway, Suite 300, Louisville, KY 40205",
    "phone": "(502) 894-2444"
  },
  {
    "name": "Norton Heart & Vascular Institute - Springs",
    "address": "6420 Dutchmans Parkway, The Springs Medical Center, Suite 200, Louisville, KY 40205",
    "phone": "(502) 891-8300"
  },
  {
    "name": "Norton Cancer Institute - Downtown",
    "address": "676 South Floyd Street, Louisville, KY 40202",
    "phone": "(502) 629-2500"
  },
  {
    "name": "Norton Cancer Institute - St. Matthews",
    "address": "3991 Dutchmans Lane, Medical Plaza 2, Suite 405, Louisville, KY 40207",
    "phone": "(502) 899-3366"
  },
  {
    "name": "Norton Cancer Institute Resource Center – St. Matthews",
    "address": "3991 Dutchmans Lane, Medical Plaza 2 - St. Matthews, Suite 111, Louisville, KY 40207",
    "phone": "(502) 899-6888"
  },
  {
    "name": "Norton Healthcare Brain Tumor Center",
    "address": "4915 Norton Healthcare Boulevard, Medical Plaza III, Suite 301, Louisville, KY 40241",
    "phone": "(502) 394-6390"
  },
  {
    "name": "Norton King's Daughters' Health - Cancer Center",
    "address": "1373 East State Road 62, Madison, IN 47250",
    "phone": "(812) 801-0603"
  },
  {
    "name": "Norton Cancer Institute - Audubon",
    "address": "2355 Poplar Level Road, Medical Plaza West, Suite 405, Louisville, KY 40217",
    "phone": "(502) 636-7845"
  },
  {
    "name": "Norton Cancer Institute - Clark",
    "address": "301 Gordon Gutmann Boulevard, Suite 301, Jeffersonville, IN 47130",
    "phone": "(812) 288-9969"
  },
  {
    "name": "Norton Community Medical Associates - St. Matthews",
    "address": "3991 Dutchmans Lane, Medical Plaza 2, Suite 205, Louisville, KY 40207",
    "phone": "(502) 899-6170"
  },
  {
    "name": "Norton Community Medical Associates - Endocrinology - Fincastle",
    "address": "210 East Gray Street, Gray Street Medical Building, Suite 605, Louisville, KY 40202",
    "phone": ""
  },
  {
    "name": "Norton Community Medical Associates - Downtown Madison Level 1",
    "address": "630 Broadway Street, Madison, IN 47250",
    "phone": "(812) 801-0995"
  },
  {
    "name": "Norton Orthopedic Institute - Jeffersonville",
    "address": "1220 Spring Street, Jeffersonville, IN 47130",
    "phone": "(812) 282-8494"
  },
  {
    "name": "Norton Orthopedic Institute - Audubon",
    "address": "3 Audubon Plaza Drive, Medical Plaza East, Suite 430, Louisville, KY 40217",
    "phone": "(502) 636-4900"
  },
  {
    "name": "Norton Orthopedic Institute - Bullitt County",
    "address": "170 Dr Arla Way, Suite 101, Louisville, KY 40229",
    "phone": "(502) 636-4900"
  },
  {
    "name": "Norton Orthopedic Institute - Carrollton",
    "address": "309 11th Street, Carrollton, KY 41008",
    "phone": "(502) 732-3204"
  },
  {
    "name": "Norton Arm and Hand Institute - St Matthews",
    "address": "4123 Dutchmans Lane, Medical Plaza 3, Suite 415, Louisville, KY 40207",
    "phone": "(502) 629-4263"
  },
  {
    "name": "Norton Heart & Vascular Institute - Audubon",
    "address": "2355 Poplar Level Road, Medical Plaza West, Level 1, Louisville, KY 40217",
    "phone": "(502) 891-8300"
  },
  {
    "name": "Norton Surgical Specialists - Breast Health - Downtown",
    "address": "315 East Broadway, Healthcare Pavilion, Suite 111, Louisville, KY 40202",
    "phone": "(502) 629-4500"
  },
  {
    "name": "Norton Orthopedic Institute - Sellersburg",
    "address": "130 Hunter Station Way, Suite 230, Sellersburg, IN 47172",
    "phone": "(812) 246-4808"
  },
  {
    "name": "Norton Pulmonary Specialists - Madison",
    "address": "1373 East State Road 62, Suite 1D, Madison, IN 47250",
    "phone": "(812) 801-0830"
  },
  {
    "name": "Norton Pain Management Associates - Brownsboro",
    "address": "4915 Norton Healthcare Boulevard, Medical Plaza III, Suite 403, Louisville, KY 40241",
    "phone": "(502) 629-5455"
  },
  {
    "name": "Norton Pharmacy - Audubon",
    "address": "2355 Poplar Level Road, Medical Plaza West, Louisville, KY 40217",
    "phone": "(502) 636-8790"
  },
  {
    "name": "Norton Pharmacy - West Louisville Hospital",
    "address": "850 South 28th Street, Louisville, KY 40211",
    "phone": "(502) 632-8180"
  },
  {
    "name": "Norton Pharmacy - Downtown",
    "address": "200 East Chestnut Street, Norton Hospital Gift Shop, Level 2, Louisville, KY 40202",
    "phone": "(502) 629-3800"
  },
  {
    "name": "Norton Pharmacy - Brownsboro",
    "address": "4960 Norton Healthcare Boulevard, Level 1, Louisville, KY 40241",
    "phone": "(502) 446-8800"
  },
  {
    "name": "Norton Pharmacy - St. Matthews",
    "address": "4001 Dutchmans Lane, Across from Main Elevators, Level 1, Louisville, KY 40207",
    "phone": "(502) 559-1710"
  },
  {
    "name": "Associates in Obstetrics & Gynecology, a part of Norton Women's Care – Stonestreet",
    "address": "9300 Stonestreet Road, Suite 200, Louisville, KY 40272",
    "phone": "(502) 899-6700"
  },
  {
    "name": "Norton Cancer Institute - Elizabethtown",
    "address": "157 Towne Drive, Suite 103, Elizabethtown, KY 42701",
    "phone": "(502) 629-2500"
  },
  {
    "name": "Kentucky Infection Prevention Training Center",
    "address": "224 East Broadway, Suite 300, Louisville, KY 40202",
    "phone": "(502) 861-4545"
  },
  {
    "name": "Norton Spine Specialists - Madison",
    "address": "1373 East State Road 62, Suite 2A, Madison, IN 47250",
    "phone": "(812) 801-0848"
  },
  {
    "name": "Norton Audubon Hospital",
    "address": "1 Audubon Plaza Drive, Louisville, KY 40217",
    "phone": "(502) 636-7111"
  },
  {
    "name": "Norton Clark Hospital",
    "address": "1220 Missouri Avenue, Jeffersonville, IN 47130",
    "phone": "(812) 282-6631"
  },
  {
    "name": "Norton Brownsboro Hospital",
    "address": "4960 Norton Healthcare Boulevard, Louisville, KY 40241",
    "phone": "(502) 446-8000"
  },
  {
    "name": "Norton Scott Hospital",
    "address": "1451 North Gardner Street, Scottsburg, IN 47170",
    "phone": "(812) 752-3456"
  },
  {
    "name": "Norton Specialty Pharmacy",
    "address": "2700 Stanley Gault Parkway, Suite 103, Louisville, KY 40223",
    "phone": "(866) 616-8088"
  },
  {
    "name": "Norton Immediate Care Center - Audubon",
    "address": "3101 Poplar Level Road, The Villages of Audubon, Suite 102, Louisville, KY 40213",
    "phone": ""
  },
  {
    "name": "Norton Immediate Care Center - Fern Creek",
    "address": "9340 Cedar Center Way, Louisville, KY 40291",
    "phone": ""
  },
  {
    "name": "Norton Immediate Care Center - Frankfort",
    "address": "202 Limestone Street South, Suite 1C, Frankfort, KY 40601",
    "phone": ""
  },
  {
    "name": "Norton Immediate Care Center - Heartland",
    "address": "157 Towne Drive, Suite 104, Elizabethtown, KY 42701",
    "phone": ""
  },
  {
    "name": "Norton Immediate Care Center - Highlands",
    "address": "2470 Bardstown Road, Louisville, KY 40205",
    "phone": ""
  },
  {
    "name": "Norton Immediate Care Center - Mt. Washington",
    "address": "300 High Point Court, Suite 195, Mt Washington, KY 40047",
    "phone": ""
  },
  {
    "name": "Norton Prompt Care - Breckenridge",
    "address": "2949 Breckenridge Lane, Suite 1, Louisville, KY 40220",
    "phone": "(502) 446-5555"
  },
  {
    "name": "Norton Prompt Care at Walgreens - Stony Brook",
    "address": "2360 Stony Brook Drive, Louisville, KY 40220",
    "phone": "(502) 446-5555"
  },
  {
    "name": "Norton Prompt Care at Walgreens - Middletown",
    "address": "12101 Shelbyville Road, Middletown, KY 40243",
    "phone": "(502) 446-5555"
  },
  {
    "name": "Norton Prompt Care - Scottsburg",
    "address": "1461 North Gardner Street, Scottsburg, IN 47170",
    "phone": "(502) 446-5555"
  },
  {
    "name": "Norton Behavioral Health - Crestwood",
    "address": "6411 Veterans Memorial Parkway, Suite 100, Crestwood, KY 40014",
    "phone": "(502) 241-8611"
  },
  {
    "name": "Norton Brownsboro Hospital - Neurodiagnostics - Brownsboro",
    "address": "4915 Norton Healthcare Boulevard, Medical Plaza III, Louisville, KY 40241",
    "phone": "(502) 446-8000"
  },
  {
    "name": "Norton Neuroscience Institute - Neurology",
    "address": "202 Limestone Street South, Suite 1B, Frankfort, KY 40601",
    "phone": "(502) 629-2602"
  },
  {
    "name": "Norton Orthopedic Specialists - Foot & Ankle - St. Matthews",
    "address": "4123 Dutchmans Lane, Medical Plaza 3, Suite 401, Louisville, KY 40207",
    "phone": "(502) 449-6448"
  },
  {
    "name": "Norton Specialty Rehabilitation Services - St. Matthews",
    "address": "3999 Dutchmans Lane, Medical Plaza 1, Suite 1D, Louisville, KY 40207",
    "phone": "(502) 559-1860"
  },
  {
    "name": "Norton Rheumatology",
    "address": "3991 Dutchmans Lane, Medical Plaza 2, Suite 208, Louisville, KY 40207",
    "phone": "(502) 899-6061"
  },
  {
    "name": "Norton Urogynecology Center - Clarksville",
    "address": "2051 Clevidence Boulevard, Suite B, Clarksville, IN 47129",
    "phone": "(502) 409-5600"
  },
  {
    "name": "Norton Women's Mental Health Services - St. Matthews",
    "address": "4123 Dutchmans Lane, Medical Plaza 3, Suite 503, Louisville, KY 40207",
    "phone": "(502) 899-6220"
  },
  {
    "name": "Norton Urogynecology Center - St. Matthews",
    "address": "4123 Dutchmans Lane, Medical Plaza 3, Suite 515, Louisville, KY 40207",
    "phone": "(502) 409-5600"
  },
  {
    "name": "Norton Urogynecology Center - Dupont",
    "address": "3924 South Dupont Square, Louisville, KY 40207",
    "phone": "(502) 893-3510"
  },
  {
    "name": "Norton Women's Care - West Louisville",
    "address": "850 South 28th Street, Suite 104, Louisville, KY 40211",
    "phone": "(502) 629-1515"
  },
  {
    "name": "Norton Surgical Specialists - West Louisville",
    "address": "850 South 28th Street, Suite 104, Louisville, KY 40211",
    "phone": "(502) 637-3311"
  },
  {
    "name": "Intensive Outpatient Therapy Program - Clark",
    "address": "1319 Missouri Avenue, Jeffersonville, IN 47130",
    "phone": "(812) 283-2600"
  },
  {
    "name": "Norton Orthopedic Institute - West Louisville",
    "address": "850 South 28th Street, Suite 104, Louisville, KY 40211",
    "phone": "(502) 629-5633"
  },
  {
    "name": "Norton Pulmonology Specialists - West Louisville",
    "address": "850 South 28th Street, Suite 104, Louisville, KY 40211",
    "phone": "(502) 587-8000"
  },
  {
    "name": "Norton St. Matthews Medical Plaza 2",
    "address": "3991 Dutchmans Lane, Saint Matthews, KY 40207",
    "phone": "(502) 899-6782"
  },
  {
    "name": "CPA Lab - Jeffersonville",
    "address": "1220 Missouri Avenue, Norton Clark Hospital, Suite 1600, Jeffersonville, IN 47130",
    "phone": "(812) 283-2377"
  },
  {
    "name": "CPA Lab - Elizabethtown",
    "address": "157 Towne Drive, Suite 104, Elizabethtown, KY 42701",
    "phone": "(270) 769-2273"
  },
  {
    "name": "Norton Brownsboro Hospital - Emergency",
    "address": "4960 Norton Healthcare Boulevard, Louisville, KY 40241",
    "phone": "(502) 446-8125"
  },
  {
    "name": "Norton Audubon Hospital - Emergency",
    "address": "1 Audubon Plaza Drive, Louisville, KY 40217",
    "phone": "(502) 636-7111"
  },
  {
    "name": "CPA Lab - Audubon",
    "address": "3101 Poplar Level Road, Louisville, KY 40213",
    "phone": "(502) 636-6008"
  },
  {
    "name": "Norton Women's and Children's Hospital - Emergency",
    "address": "4001 Dutchmans Lane, Louisville, KY 40207",
    "phone": ""
  },
  {
    "name": "Norton Neuroscience Institute - West Louisville",
    "address": "850 South 28th Street, Suite 104, Louisville, KY 40211",
    "phone": "(502) 394-6460"
  },
  {
    "name": "Norton Surgical Specialists - ENT & Audiology - Madison",
    "address": "1373 East State Road 62, Suite 2E, Madison, IN 47250",
    "phone": "(812) 801-0820"
  },
  {
    "name": "Norton Women's Care - Vevay",
    "address": "1190 West Main Street, Suite 200, Vevay, IN 47043",
    "phone": "(812) 801-0856"
  },
  {
    "name": "Norton Surgical Specialists - Urology - Madison",
    "address": "1373 East State Road 62, Suite 2G, Madison, IN 47250",
    "phone": "(812) 801-0894"
  },
  {
    "name": "Norton Neuroscience Institute - Neurosurgery - West Louisville",
    "address": "850 South 28th Street, Suite 104, Louisville, KY 40211",
    "phone": "(502) 446-4664"
  },
  {
    "name": "Norton Pulmonary Specialists - Mt. Washington",
    "address": "300 High Point Court, Mount Washington, KY 40047",
    "phone": "(502) 587-8000"
  },
  {
    "name": "Norton Infectious Diseases Specialists - Downtown",
    "address": "234 East Gray Street, Suite 768, Louisville, KY 40202",
    "phone": "(502) 446-6434"
  },
  {
    "name": "Medical Towers South - Downtown",
    "address": "234 East Gray Street, Louisville, KY 40202",
    "phone": "(502) 629-1234"
  },
  {
    "name": "Norton King's Daughters' Health - Madison Rehabilitation Center",
    "address": "2670 Michigan Road, Madison, IN 47250",
    "phone": "(812) 801-0545"
  },
  {
    "name": "Norton Healthcare Pavilion - Downtown",
    "address": "315 East Broadway, Norton Healthcare Pavilion, Louisville, KY 40202",
    "phone": "(502) 629-2000"
  },
  {
    "name": "Norton Heart & Vascular Institute - Heart Rhythm Center - Audubon",
    "address": "2355 Poplar Level Road, Medical Plaza West, Level 1, Louisville, KY 40217",
    "phone": "(502) 891-8400"
  },
  {
    "name": "Norton Sports Health Performance & Wellness Center",
    "address": "9451 Westport Road, Westport Plaza, Louisville, KY 40241",
    "phone": "(502) 409-8888"
  },
  {
    "name": "Norton Children's Maternal - Fetal Medicine - Downtown",
    "address": "601 South Floyd Street, Suite 700, Louisville, KY 40202",
    "phone": "(502) 629-7181"
  },
  {
    "name": "Norton Children's Maternal - Fetal Medicine - Bowling Green",
    "address": "523 Park Street, Bowling Green, KY 42101",
    "phone": "(270) 796-4169"
  },
  {
    "name": "Norton Children's Maternal - Fetal Medicine - Perinatal Center - St. Matthews",
    "address": "4123 Dutchmans Lane, Medical Plaza 3, Suite 606, Louisville, KY 40207",
    "phone": "(502) 899-6900"
  },
  {
    "name": "Norton Community Medical Associates - Fern Creek",
    "address": "9342 Cedar Center Way, Louisville, KY 40291",
    "phone": "(502) 239-3228"
  },
  {
    "name": "Norton Community Medical Associates - Floyds Knobs",
    "address": "4801 Paoli Pike, Floyds Knobs, IN 47119",
    "phone": "(812) 923-4700"
  },
  {
    "name": "Norton Community Medical Associates - Heartland",
    "address": "157 Towne Drive, Suite 103, Elizabethtown, KY 42701",
    "phone": "(270) 765-5926"
  },
  {
    "name": "Norton Community Medical Associates - Hurstbourne",
    "address": "213 North Hurstbourne Parkway, Louisville, KY 40222",
    "phone": "(502) 327-5135"
  },
  {
    "name": "Norton Community Medical Associates - La Clinica Preston",
    "address": "7926 Preston Highway, Suite 103, Louisville, KY 40219",
    "phone": "(502) 861-4655"
  },
  {
    "name": "Norton Community Medical Associates - Lakeview",
    "address": "100 Mallard Creek Road, Suite 320, Louisville, KY 40207",
    "phone": "(502) 855-6125"
  },
  {
    "name": "Norton Community Medical Associates - Mid City Mall",
    "address": "1250 Bardstown Road, Suite 8, Louisville, KY 40204",
    "phone": "(502) 456-7047"
  },
  {
    "name": "Norton Community Medical Associates - Mt. Washington",
    "address": "300 High Point Court, Mount Washington, KY 40047",
    "phone": "(502) 955-6129"
  },
  {
    "name": "Norton Community Medical Associates - Okolona",
    "address": "7430 Jefferson Boulevard, Suite 100, Louisville, KY 40219",
    "phone": "(502) 969-0975"
  },
  {
    "name": "Norton Community Medical Associates - Preston",
    "address": "7430 Jefferson Boulevard, Suite 200, Louisville, KY 40219",
    "phone": "(502) 966-8675"
  },
  {
    "name": "Norton Community Medical Associates - Shepherdsville",
    "address": "115 Huston Drive, Shepherdsville, KY 40165",
    "phone": "(502) 955-7311"
  },
  {
    "name": "Norton Community Medical Associates - Valley Station",
    "address": "10798 Dixie Highway, Suite 102, Louisville, KY 40272",
    "phone": "(502) 935-8725"
  },
  {
    "name": "Norton Community Medical Associates - Westport Plaza",
    "address": "9451 Westport Road, Suite 122B, Louisville, KY 40241",
    "phone": "(502) 855-7320"
  },
  {
    "name": "Norton Community Medical Associates - Audubon",
    "address": "3101 Poplar Level Road, The Villages of Audubon, Suite 101, Louisville, KY 40213",
    "phone": "(502) 636-7444"
  },
  {
    "name": "Norton Community Medical Associates - Bardstown KY",
    "address": "106 West John Rowan Boulevard, Suite E, Bardstown, KY 40004",
    "phone": "(502) 350-4799"
  },
  {
    "name": "Norton Community Medical Associates - Charlestown",
    "address": "11500 Highway 62, Charlestown, IN 47111",
    "phone": "(812) 256-0700"
  },
  {
    "name": "Norton Community Medical Associates - Clark",
    "address": "301 Gordon Gutmann Boulevard, Suite 101, Jeffersonville, IN 47130",
    "phone": "(812) 282-4844"
  },
  {
    "name": "Norton Community Medical Associates - Crestwood",
    "address": "6411 Veterans Memorial Parkway, Suite 100, Crestwood, KY 40014",
    "phone": "(502) 241-8611"
  },
  {
    "name": "Norton Heart & Vascular Institute - St. Matthews",
    "address": "3999 Dutchmans Lane, Medical Plaza 1, Suite 1H, Louisville, KY 40207",
    "phone": "(502) 891-8300"
  },
  {
    "name": "Norton Heart & Vascular Institute - Structural Heart Program - Audubon",
    "address": "2355 Poplar Level Road, Medical Plaza West, Level 1, Louisville, KY 40217",
    "phone": "(502) 636-8330"
  },
  {
    "name": "Norton Heart & Vascular Institute - West Louisville",
    "address": "850 South 28th Street, Suite 104, Louisville, KY 40211",
    "phone": "(502) 446-6484"
  },
  {
    "name": "Norton Heart & Vascular Institute - Advanced Heart Failure & Recovery Program - Brownsboro",
    "address": "4915 Norton Healthcare Boulevard, Medical Plaza III, Suite 202, Louisville, KY 40241",
    "phone": "(502) 636-8266"
  },
  {
    "name": "Norton Heart & Vascular Institute - Dixie",
    "address": "4420 Dixie Highway, Suite 118, Louisville, KY 40216",
    "phone": "(502) 447-3448"
  },
  {
    "name": "Norton Heart & Vascular Institute - AFIB Clinic",
    "address": "6420 Dutchmans Parkway, The Springs Medical Center, Suite 200, Louisville, KY 40205",
    "phone": "(502) 891-8400"
  },
  {
    "name": "Norton Cardiovascular Diagnostic Center - Dixie",
    "address": "4420 Dixie Highway, Louisville, KY 40216",
    "phone": "(502) 810-3700"
  },
  {
    "name": "Norton Cardiac & Pulmonary Rehabilitation Center - Audubon",
    "address": "3 Audubon Plaza Drive, Medical Plaza East, Louisville, KY 40217",
    "phone": "(502) 635-2121"
  },
  {
    "name": "Norton Heart & Vascular Institute - Corydon",
    "address": "1263 Hospital Drive Northwest, Suite 210, Corydon, IN 47112",
    "phone": "(502) 891-8300"
  },
  {
    "name": "Norton Community Medical Associates - Springhurst",
    "address": "3594 Springhurst Boulevard, Louisville, KY 40241",
    "phone": "(502) 456-3030"
  },
  {
    "name": "Norton Heart & Vascular Institute - Advanced Heart Failure & Recovery Program - West Louisville",
    "address": "850 South 28th Street, Suite 104, Louisville, KY 40211",
    "phone": "(502) 446-6484"
  },
  {
    "name": "Norton Heart & Vascular Institute - Advanced Heart Failure & Recovery Program - Downtown",
    "address": "210 East Gray Street, Gray Street Medical Building, Suite 1002, Louisville, KY 40202",
    "phone": "(502) 636-8266"
  },
  {
    "name": "Norton Heart & Vascular Institute - Vascular Surgery - Brownsboro",
    "address": "4915 Norton Healthcare Boulevard, Medical Plaza III, Suite 202, Louisville, KY 40241",
    "phone": "(502) 636-7242"
  },
  {
    "name": "Norton Heart & Vascular Institute - Hardinsburg",
    "address": "207 Fairgrounds Road, Hardinsburg, KY 40143",
    "phone": "(502) 891-8300"
  },
  {
    "name": "Norton Heart & Vascular Institute - Vascular Surgery - Clarksville",
    "address": "2051 Clevidence Boulevard, Suite B, Clarksville, IN 47129",
    "phone": "(502) 636-7242"
  },
  {
    "name": "Norton Heart & Vascular Institute - Vascular Surgery - Corydon",
    "address": "1263 Hospital Drive Northwest, Suite 210, Corydon, IN 47112",
    "phone": "(502) 636-7242"
  },
  {
    "name": "Norton Heart & Vascular Institute - Vascular Surgery - Elizabethtown",
    "address": "2410 Ring Road, Suite 500, Elizabethtown, KY 42701",
    "phone": "(502) 446-6484"
  },
  {
    "name": "Norton Community Medical Associates - Shelbyville",
    "address": "150 Frankfort Road, Suite 103, Shelbyville, KY 40065",
    "phone": "(502) 844-2888"
  },
  {
    "name": "Norton Neuroscience Institute - Shelbyville",
    "address": "150 Frankfort Road, Suite 104B, Shelbyville, KY 40065",
    "phone": "(502) 899-6782"
  },
  {
    "name": "Norton Urogynecology - Shelbyville",
    "address": "150 Frankfort Road, Suite 104B, Shelbyville, KY 40065",
    "phone": "(502) 409-5600"
  },
  {
    "name": "Norton Vascular Diagnostic Center",
    "address": "2355 Poplar Level Road, Suite G1-9, Louisville, KY 40217",
    "phone": "(502) 636-8109"
  },
  {
    "name": "Norton Cancer Institute - Brownsboro",
    "address": "4955 Norton Healthcare Boulevard, Suite 300, Louisville, KY 40241",
    "phone": "(502) 394-6350"
  },
  {
    "name": "Norton Cancer Institute - Corydon",
    "address": "1263 Hospital Drive Northwest, Suite 110, Corydon, IN 47112",
    "phone": "(812) 734-0912"
  },
  {
    "name": "Norton Cancer Institute - Jeffersonville",
    "address": "101 Hospital Boulevard, Jeffersonville, IN 47130",
    "phone": "(812) 288-9969"
  },
  {
    "name": "Norton Cancer Institute - West Louisville",
    "address": "850 South 28th Street, Suite 104, Louisville, KY 40211",
    "phone": "(502) 629-2500"
  },
  {
    "name": "Norton Cancer Institute Behavioral Oncology - St. Matthews",
    "address": "3991 Dutchmans Lane, Medical Plaza 2, Suite 300, Louisville, KY 40207",
    "phone": "(502) 899-2673"
  },
  {
    "name": "Norton Cancer Institute Evaluation and Diagnostic Clinic - St. Matthews",
    "address": "3991 Dutchmans Lane, Medical Plaza 2, Louisville, KY 40207",
    "phone": "(502) 559-1970"
  },
  {
    "name": "Norton Cancer Institute Radiation Center - Brownsboro",
    "address": "4955 Norton Healthcare Boulevard, Louisville, KY 40241",
    "phone": "(502) 394-6410"
  },
  {
    "name": "Norton Cancer Institute Radiation Center - Downtown",
    "address": "676 South Floyd Street, Louisville, KY 40202",
    "phone": "(502) 629-4555"
  },
  {
    "name": "Norton Cancer Institute Radiation Center - St. Matthews",
    "address": "4123 Dutchmans Lane, Medical Plaza 3, Louisville, KY 40207",
    "phone": "(502) 899-6601"
  },
  {
    "name": "Norton Cancer Institute Resource Center – Audubon",
    "address": "2355 Poplar Level Road, Medical Plaza West, Suite 300, Louisville, KY 40217",
    "phone": "(502) 636-8308"
  },
  {
    "name": "Norton Healthcare Express Services - Hikes Point",
    "address": "2949 Breckenridge Lane, Louisville, KY 40220",
    "phone": "(502) 861-4500"
  },
  {
    "name": "Norton Cancer Institute Breast Health - Brownsboro",
    "address": "4915 Norton Healthcare Boulevard, Medical Plaza III, Suite 103, Louisville, KY 40241",
    "phone": "(502) 446-6640"
  },
  {
    "name": "Norton Diagnostic Center - Jeffersonville Commons",
    "address": "2021 Mercy Way, Suite 104, Jeffersonville, IN 47130",
    "phone": "(812) 283-2405"
  },
  {
    "name": "Norton Medical Center - Jeffersonville Commons",
    "address": "2023 Mercy Way, Jeffersonville, IN 47130",
    "phone": "(812) 282-6631"
  },
  {
    "name": "Norton Medical Center - Emergency - Jeffersonville Commons",
    "address": "2023 Mercy Way, Jeffersonville, IN 47130",
    "phone": "(812) 282-6631"
  },
  {
    "name": "Norton Community Medical Associates - Vevay",
    "address": "1190 West Main Street, Vevay, IN 47043",
    "phone": "(812) 427-9564"
  },
  {
    "name": "Norton Sleep Center - Newburg",
    "address": "3430 Newburg Road, Suite 151, Louisville, KY 40218",
    "phone": "(502) 559-5559"
  },
  {
    "name": "Norton Sleep Center - Pleasure Ridge Park",
    "address": "4606 Greenwood Road, Louisville, KY 40258",
    "phone": "(502) 559-5559"
  },
  {
    "name": "Norton Community Medical Associates - Endocrinology - Audubon",
    "address": "2355 Poplar Level Road, Medical Plaza West, Suite 301, Louisville, KY 40217",
    "phone": ""
  },
  {
    "name": "Norton Community Medical Associates - Endocrinology - Westport Plaza",
    "address": "9451 Westport Road, Suite 122B, Louisville, KY 40241",
    "phone": ""
  },
  {
    "name": "Norton Community Medical Associates - Downtown Madison Level 2",
    "address": "630 Broadway Street, Level 2, Madison, IN 47250",
    "phone": "(812) 801-0995"
  },
  {
    "name": "Norton Community Medical Associates - Milton",
    "address": "10235 Highway 421 North, Suite 1A, Milton, KY 40045",
    "phone": "(502) 268-5500"
  },
  {
    "name": "Norton Rural Health Clinic, a Part of Norton Scott Hospital",
    "address": "1465 North Gardner Street, Scottsburg, IN 47170",
    "phone": "(812) 752-0001"
  },
  {
    "name": "Norton Orthopedic Institute - Downtown",
    "address": "210 East Gray Street, Gray Street Medical Building, Suite 604, Louisville, KY 40202",
    "phone": "(502) 629-5633"
  },
  {
    "name": "Norton Orthopedic Institute - Elizabethtown",
    "address": "2412 Ring Road, Suite 100, Elizabethtown, KY 42701",
    "phone": "(270) 737-1803"
  },
  {
    "name": "Norton Orthopedic Institute - LaGrange",
    "address": "1230 Market Street, La Grange, KY 40031",
    "phone": "(502) 394-6341"
  },
  {
    "name": "Norton Orthopedic Institute - St. Matthews",
    "address": "4123 Dutchmans Lane, Medical Plaza 3, Suite 401, Louisville, KY 40207",
    "phone": "(502) 559-1400"
  },
  {
    "name": "Norton Orthopedic Institute - Westport Plaza",
    "address": "9451 Westport Road, Suite 122C, Louisville, KY 40241",
    "phone": ""
  },
  {
    "name": "Norton Orthopedic Institute - Brownsboro",
    "address": "9880 Angies Way, Medical Plaza II, Suite 250, Louisville, KY 40241",
    "phone": "(502) 394-6341"
  },
  {
    "name": "Norton Orthopedic Institute - Scottsburg",
    "address": "1461 North Gardner Street, Scottsburg, IN 47170",
    "phone": "(812) 752-2200"
  },
  {
    "name": "Norton Arm and Hand Institute - Audubon",
    "address": "3 Audubon Plaza Drive, Medical Plaza East, Suite 430, Louisville, KY 40217",
    "phone": "(502) 629-4263"
  },
  {
    "name": "Norton Heart & Vascular Institute - Vascular Surgery - Dixie",
    "address": "4420 Dixie Highway, Suite 118, Louisville, KY 40216",
    "phone": "(502) 636-7242"
  },
  {
    "name": "Norton Cancer Institute Evaluation and Diagnostic Clinic - Hill Street",
    "address": "720 West Hill Street, Louisville, KY 40208",
    "phone": "(502) 559-1970"
  },
  {
    "name": "Norton Diagnostic Center - Sellersburg",
    "address": "130 Hunter Station Way, Suite 102, Sellersburg, IN 47172",
    "phone": "(812) 246-4801"
  },
  {
    "name": "Norton Surgical Specialists - Breast Health - St. Matthews",
    "address": "3999 Dutchmans Lane, Suite 2F, Louisville, KY 40207",
    "phone": "(502) 899-6470"
  },
  {
    "name": "Norton Neuroscience Institute Resource Center - St. Matthews",
    "address": "3991 Dutchmans Lane, Medical Plaza 2, Suite 302, Louisville, KY 40207",
    "phone": "(502) 559-3230"
  },
  {
    "name": "Norton Clark Sleep Center",
    "address": "207 Sparks Avenue, Norton Medical Plaza 2 -- Clark, Suite 307, Jeffersonville, IN 47130",
    "phone": "(502) 559-5559"
  },
  {
    "name": "Norton Heart & Vascular Institute - Chest Pain Clinic - Audubon",
    "address": "2355 Poplar Level Road, Medical Plaza West, Level 1, Louisville, KY 40217",
    "phone": "(502) 446-6484"
  },
  {
    "name": "Norton Pain Management Associates - Audubon",
    "address": "2355 Poplar Level Road, Medical Plaza West, Suite 304, Louisville, KY 40217",
    "phone": "(502) 629-5455"
  },
  {
    "name": "Hussung Family Multiple Sclerosis Center - St. Matthews",
    "address": "3991 Dutchmans Lane, Medical Plaza 2, Suite 310, Louisville, KY 40207",
    "phone": "(502) 899-6782"
  },
  {
    "name": "Norton Diagnostic Center - Dixie",
    "address": "4420 Dixie Highway, Suite 108, Louisville, KY 40216",
    "phone": "(502) 485-4700"
  },
  {
    "name": "Norton West Louisville Hospital",
    "address": "850 South 28th Street, Louisville, KY 40211",
    "phone": "(502) 632-8100"
  },
  {
    "name": "Norton Hospital",
    "address": "200 East Chestnut Street, Louisville, KY 40202",
    "phone": "(502) 629-8000"
  },
  {
    "name": "Norton Women's and Children's Hospital",
    "address": "4001 Dutchmans Lane, Louisville, KY 40207",
    "phone": "(502) 893-1000"
  },
  {
    "name": "Norton Immediate Care Center - Preston",
    "address": "7926 Preston Highway, Suite 106, Louisville, KY 40219",
    "phone": ""
  },
  {
    "name": "Norton Immediate Care Center - Shelbyville",
    "address": "150 Frankfort Road, Suite 104, Shelbyville, KY 40065",
    "phone": ""
  },
  {
    "name": "Norton Prompt Care at Walgreens - Corydon",
    "address": "1716 Highway 337 Northwest, Corydon, IN 47112",
    "phone": "(502) 446-5555"
  },
  {
    "name": "Norton Immediate Care Center - Clarksville",
    "address": "2051 Clevidence Boulevard, Suite A, Clarksville, IN 47129",
    "phone": ""
  },
  {
    "name": "Norton Immediate Care Center - Dupont",
    "address": "901 Dupont Road, Louisville, KY 40207",
    "phone": ""
  },
  {
    "name": "Norton Orthopedic Oncology - Downtown",
    "address": "210 East Gray Street, Gray Street Medical Building, Suite 604, Louisville, KY 40202",
    "phone": "(502) 629-5633"
  },
  {
    "name": "Advocates for Women's Health, a Part of Norton Women's Care - Brownsboro",
    "address": "4915 Norton Healthcare Boulevard, Medical Plaza III, Suite 203, Louisville, KY 40241",
    "phone": "(502) 423-9595"
  },
  {
    "name": "Advocates for Women's Health, a Part of Norton Women's Care - St. Matthews",
    "address": "4123 Dutchmans Lane, Medical Plaza 3, Suite 601, Louisville, KY 40207",
    "phone": "(502) 423-9595"
  },
  {
    "name": "Norton Behavioral Health - Audubon",
    "address": "2355 Poplar Level Road, Medical Plaza West, Suite 200, Louisville, KY 40217",
    "phone": "(502) 636-7444"
  },
  {
    "name": "Norton Behavioral Health - Hill Street",
    "address": "720 West Hill Street, Louisville, KY 40208",
    "phone": "(502) 636-3164"
  },
  {
    "name": "Norton Audubon Hospital - Neurodiagnostics",
    "address": "1 Audubon Plaza Drive, Louisville, KY 40217",
    "phone": "(502) 636-7278"
  },
  {
    "name": "Norton Diagnostic Center - Brownsboro",
    "address": "4915 Norton Healthcare Boulevard, Medical Plaza III, Suite 101, Louisville, KY 40241",
    "phone": "(502) 446-6611"
  },
  {
    "name": "Norton Diagnostic Center - Dupont",
    "address": "3901 Dutchmans Lane, Suite 101, Louisville, KY 40207",
    "phone": "(502) 896-2120"
  },
  {
    "name": "Norton Leatherman Spine - Downtown",
    "address": "210 East Gray Street, Gray Street Medical Building, Louisville, KY 40202",
    "phone": "(502) 584-7525"
  },
  {
    "name": "Norton Leatherman Spine - Clarksville",
    "address": "2051 Clevidence Boulevard, Clarksville, IN 47129",
    "phone": "(502) 584-7525"
  },
  {
    "name": "Norton Leatherman Spine - Stonestreet",
    "address": "9300 Stonestreet Road, Suite 200, Louisville, KY 40272",
    "phone": "(502) 935-8061"
  },
  {
    "name": "Norton Multispecialty Clinic Rheumatology - St. Matthews",
    "address": "3991 Dutchmans Lane, Medical Plaza 2, Suite 310, Louisville, KY 40207",
    "phone": "(502) 899-6061"
  },
  {
    "name": "Norton Neuroscience Institute - Elizabethtown",
    "address": "157 Towne Drive, Suite 102, Elizabethtown, KY 42701",
    "phone": "(502) 583-1697"
  },
  {
    "name": "Norton Neuroscience Institute Headache Center - St. Matthews",
    "address": "3999 Dutchmans Lane, Medical Plaza 1, Suite 5D, Louisville, KY 40207",
    "phone": "(502) 394-6460"
  },
  {
    "name": "Norton Neuroscience Institute - Neurology - Downtown",
    "address": "210 East Gray Street, Gray Street Medical Building, Suite 1003, Louisville, KY 40202",
    "phone": "(502) 899-6782"
  },
  {
    "name": "Norton Pulmonary Specialists - Newburg Rd",
    "address": "3430 Newburg Road, Suite 150, Louisville, KY 40218",
    "phone": "(502) 587-8000"
  },
  {
    "name": "Norton Women's Specialists - Downtown",
    "address": "601 South Floyd Street, Suite 500, Louisville, KY 40202",
    "phone": "(502) 629-2030"
  },
  {
    "name": "Total Woman, a Part of Norton Women's Care - Bardstown",
    "address": "106 West John Rowan Boulevard, Suite E, Bardstown, KY 40004",
    "phone": "(502) 894-9494"
  },
  {
    "name": "Norton Weight Management Services - Dupont",
    "address": "1000 Dupont Road, Louisville, KY 40207",
    "phone": "(502) 899-6405"
  },
  {
    "name": "Norton Surgical Specialists - St. Matthews",
    "address": "4123 Dutchmans Lane, Medical Plaza 3, Suite 607, Louisville, KY 40207",
    "phone": "(502) 899-6150"
  },
  {
    "name": "Associates in Obstetrics & Gynecology, a part of Norton Women's Care – Crestwood",
    "address": "6400 Westwind Way, Suite D, Crestwood, KY 40014",
    "phone": "(502) 899-6700"
  },
  {
    "name": "Norton Neuroscience Institute Resource Center - Brownsboro",
    "address": "4915 Norton Healthcare Boulevard, Norton Medical Plaza III - Brownsboro, Suite 405, Louisville, KY 40241",
    "phone": "(502) 559-3221"
  },
  {
    "name": "Norton Neuroscience Institute Memory Center",
    "address": "4915 Norton Healthcare Boulevard, Medical Plaza III, Suite 301, Louisville, KY 40241",
    "phone": "(502) 394-6390"
  },
  {
    "name": "Norton Neuroscience Institute - Neurology - Brownsboro",
    "address": "4915 Norton Healthcare Boulevard, Medical Plaza III, Suite 301, Louisville, KY 40241",
    "phone": "(502) 394-6460"
  },
  {
    "name": "Norton St. Matthews Medical Plaza 1",
    "address": "3999 Dutchmans Lane, Saint Matthews, KY 40207",
    "phone": "(502) 629-1234"
  },
  {
    "name": "CPA Lab - Hikes Point",
    "address": "2935 Breckenridge Lane, Louisville, KY 40220",
    "phone": "(502) 736-4370"
  },
  {
    "name": "Norton West Louisville Hospital - Emergency",
    "address": "850 South 28th Street, Louisville, KY 40211",
    "phone": "(502) 632-8100"
  },
  {
    "name": "Norton Healthcare Medical Plaza II - Brownsboro",
    "address": "9880 Angies Way, Louisville, KY 40241",
    "phone": ""
  },
  {
    "name": "Norton Plastic and Reconstructive Surgery",
    "address": "210 East Gray Street, Louisville, KY 40202",
    "phone": "(502) 290-7575"
  },
  {
    "name": "Norton Neursocience Institute - Neurology - Madison",
    "address": "1373 East State Road 62, Suite 1D, Madison, IN 47250",
    "phone": "(812) 801-0806"
  },
  {
    "name": "Norton Hospital Labor & Delivery",
    "address": "200 East Chestnut Street, Level 3, Louisville, KY 40202",
    "phone": "(502) 629-8000"
  },
  {
    "name": "Norton Neurosciences and Spine Rehabilitation Center",
    "address": "315 East Broadway, Norton Healthcare Pavilion, Suite 90, Louisville, KY 40202",
    "phone": "(502) 629-2501"
  },
  {
    "name": "Norton Pulmonary Specialists - Brownsboro",
    "address": "4950 Norton Healthcare Boulevard, Medical Plaza I, Suite 208, Louisville, KY 40241",
    "phone": "(502) 587-8000"
  },
  {
    "name": "Norton Pulmonary Specialists - Greenwood Rd",
    "address": "4606 Greenwood Road, Louisville, KY 40258",
    "phone": "(502) 559-5864"
  },
  {
    "name": "Norton Diagnostic Center - Fern Creek",
    "address": "9344 Cedar Center Way, Cedar Springs Shopping Center, Louisville, KY 40291",
    "phone": "(502) 753-3390"
  },
  {
    "name": "Norton King's Daughters' Health",
    "address": "1373 East State Road 62, Madison, IN 47250",
    "phone": "(812) 801-0800"
  },
  {
    "name": "Norton Women's Care - Madison",
    "address": "1373 East State Road 62, Suite 2F, Madison, IN 47250",
    "phone": "(812) 801-0856"
  },
  {
    "name": "Norton Children's Maternal - Fetal Medicine - Paducah",
    "address": "2603 Kentucky Avenue, Suite 304, Paducah, KY 42003",
    "phone": "(270) 415-8965"
  },
  {
    "name": "Norton Healthcare Palliative Care Center",
    "address": "3 Audubon Plaza Drive, Medical Plaza East, Suite 610, Louisville, KY 40217",
    "phone": "(502) 629-2804"
  },
  {
    "name": "Norton Louisville Primary Care Center",
    "address": "720 West Hill Street, Louisville, KY 40208",
    "phone": "(502) 636-3164"
  },
  {
    "name": "Norton Surgical Specialists - Scottsburg",
    "address": "1461 North Gardner Street, Scottsburg, IN 47170",
    "phone": "(812) 752-8592"
  },
  {
    "name": "Norton Neuroscience Institute - Clark",
    "address": "207 Sparks Avenue, Suite 300, Jeffersonville, IN 47130",
    "phone": "(812) 218-7978"
  },
  {
    "name": "Norton Pain Management Associates - Sellersburg",
    "address": "130 Hunter Station Way, Suite 101, Sellersburg, IN 47172",
    "phone": "(812) 283-2369"
  },
  {
    "name": "Norton Women's Care - Scottsburg",
    "address": "1465 North Gardner Street, Scottsburg, IN 47170",
    "phone": "(812) 280-5325"
  },
  {
    "name": "Norton Gastroenterology Specialists - Madison",
    "address": "1373 East State Road 62, Suite 1C, Madison, IN 47250",
    "phone": "(812) 801-0832"
  },
  {
    "name": "Norton Gastroenterology Consultants of Louisville - Brownsboro",
    "address": "4950 Norton Healthcare Boulevard, Medical Plaza I, Suite 205, Louisville, KY 40241",
    "phone": "(502) 896-4711"
  },
  {
    "name": "Norton Surgical Specialists - Colorectal Health - St. Matthews",
    "address": "3999 Dutchmans Lane, Medical Plaza 1, Suite 2E, Louisville, KY 40207",
    "phone": "(502) 559-6560"
  },
  {
    "name": "Norton Women's Specialists - Tyler Retail Village",
    "address": "12615 Taylorsville Road, Suite A, Louisville, KY 40299",
    "phone": "(502) 629-2030"
  },
  {
    "name": "Total Woman, a Part of Norton Women's Care - St. Matthews",
    "address": "4123 Dutchmans Lane, Medical Plaza 3, Suite 515, Louisville, KY 40207",
    "phone": "(502) 894-9494"
  },
  {
    "name": "Norton Leatherman Spine - Frankfort",
    "address": "202 Limestone Street South, Suite 1B, Frankfort, KY 40601",
    "phone": "(502) 629-2225"
  },
  {
    "name": "Norton Community Medical Associates - Barret",
    "address": "825 Barret Avenue, Louisville, KY 40204",
    "phone": "(502) 540-7200"
  },
  {
    "name": "Norton Community Medical Associates - Endocrinology - Elizabethtown",
    "address": "157 Towne Drive, Suite 102, Elizabethtown, KY 42701",
    "phone": ""
  },
  {
    "name": "Norton Community Medical Associates - Endocrinology - Sellersburg",
    "address": "130 Hunter Station Way, Suite 101, Sellersburg, IN 47172",
    "phone": "(812) 218-6560"
  },
  {
    "name": "Norton Community Medical Associates - Fincastle",
    "address": "210 East Gray Street, Gray Street Medical Building, Suite 700, Louisville, KY 40202",
    "phone": "(502) 629-5400"
  },
  {
    "name": "Norton Community Medical Associates - Frankfort",
    "address": "202 Limestone Street South, Suite 1B, Frankfort, KY 40601",
    "phone": "(502) 665-8375"
  },
  {
    "name": "Norton Community Medical Associates - Hanover",
    "address": "36 Medical Plaza, Hanover, IN 47243",
    "phone": "(812) 866-3301"
  },
  {
    "name": "Norton Community Medical Associates - Hilltop Level 1",
    "address": "1373 East State Road 62, Level 1, Madison, IN 47250",
    "phone": "(812) 801-0828"
  },
  {
    "name": "Norton Community Medical Associates - LaGrange",
    "address": "1230 Market Street, Lagrange, KY 40031",
    "phone": "(502) 225-6900"
  },
  {
    "name": "Norton Community Medical Associates - Mallard Creek",
    "address": "100 Mallard Creek Road, Suite 300, Louisville, KY 40207",
    "phone": "(502) 855-6130"
  },
  {
    "name": "Norton Community Medical Associates - West Broadway",
    "address": "1720 West Broadway, Suite 107, Louisville, KY 40203",
    "phone": "(502) 340-5900"
  },
  {
    "name": "Norton Vein & Vascular Center",
    "address": "901 Dupont Road, Suite 200, Louisville, KY 40207",
    "phone": "(502) 636-7242"
  },
  {
    "name": "Norton Surgical Specialists - Brownsboro",
    "address": "4950 Norton Healthcare Boulevard, Medical Plaza I, Suite 300, Louisville, KY 40241",
    "phone": "(502) 394-6395"
  },
  {
    "name": "Norton Community Medical Associates - Dixie",
    "address": "4420 Dixie Highway, Suite 114, Louisville, KY 40216",
    "phone": "(502) 449-6464"
  },
  {
    "name": "Norton Heart & Vascular Institute - Brownsboro",
    "address": "4915 Norton Healthcare Boulevard, Medical Plaza III, Suite 202, Louisville, KY 40241",
    "phone": "(502) 891-8300"
  },
  {
    "name": "Norton Heart & Vascular Institute - Cardiac Surgery - Audubon",
    "address": "2355 Poplar Level Road, Medical Plaza West, Suite G1, Louisville, KY 40217",
    "phone": "(502) 636-8004"
  },
  {
    "name": "Norton Heart & Vascular Institute - Clark",
    "address": "207 Sparks Avenue, Suite 101, Jeffersonville, IN 47130",
    "phone": "(812) 288-4288"
  },
  {
    "name": "Norton Heart & Vascular Institute - Vascular Surgery - Audubon",
    "address": "2355 Poplar Level Road, Medical Plaza West, Suite G1, Louisville, KY 40217",
    "phone": "(502) 636-7242"
  },
  {
    "name": "Norton Heart & Vascular Institute - Advanced Heart Failure & Recovery Program - Audubon",
    "address": "2355 Poplar Level Road, Medical Plaza West, Level 1, Louisville, KY 40217",
    "phone": "(502) 636-8266"
  },
  {
    "name": "Norton Neuroscience Institute - Audubon",
    "address": "3 Audubon Plaza Drive, Medical Plaza East, Suite LL2, Louisville, KY 40217",
    "phone": "(502) 454-5044"
  },
  {
    "name": "Norton Gastroenterology Consultants of Louisville - Audubon",
    "address": "3 Audubon Plaza Drive, Medical Plaza East, Suite 530, Louisville, KY 40217",
    "phone": "(502) 638-3700"
  },
  {
    "name": "Norton Heart & Vascular Institute - Leitchfield",
    "address": "912 Wallace Avenue, Suite 104, Leitchfield, KY 42754",
    "phone": "(502) 891-8300"
  },
  {
    "name": "Norton Heart & Vascular Institute - Elizabethtown",
    "address": "2410 Ring Road, Suite 500, Elizabethtown, KY 42701",
    "phone": "(502) 891-8300"
  },
  {
    "name": "Norton Heart & Vascular Institute - Lebanon",
    "address": "312 West High Street, Lebanon, KY 40033",
    "phone": "(502) 891-8300"
  },
  {
    "name": "Norton Heart & Vascular Institute - Vascular Surgery - Campbellsville",
    "address": "1858 Old Lebanon Road, Campbellsville, KY 42718",
    "phone": "(502) 636-7242"
  },
  {
    "name": "Norton Heart & Vascular Institute - Vascular Surgery - Downtown",
    "address": "210 East Gray Street, Gray Street Medical Building, Suite 1002, Louisville, KY 40202",
    "phone": "(502) 636-7242"
  },
  {
    "name": "Norton Heart & Vascular Institute - Advanced Heart Failure & Recovery Program - Jeffersonville",
    "address": "207 Sparks Avenue, Norton Medical Plaza 2, Suite 101, Jeffersonville, IN 47130",
    "phone": "(502) 636-8266"
  },
  {
    "name": "Norton Heart & Vascular Institute - Vascular Surgery - Leitchfield",
    "address": "912 Wallace Avenue, Suite 104, Leitchfield, KY 42754",
    "phone": "(502) 636-7242"
  },
  {
    "name": "Norton Heart & Vascular Institute - Shelbyville",
    "address": "150 Frankfort Road, Suite 102C, Shelbyville, KY 40065",
    "phone": "(502) 891-8300"
  },
  {
    "name": "Norton Cardiovascular Diagnostic Center - Springs",
    "address": "6420 Dutchmans Parkway, Lower Level, Louisville, KY 40205",
    "phone": "(502) 891-8577"
  },
  {
    "name": "Norton Cancer Institute Palliative Care Clinic",
    "address": "234 East Gray Street, Medical Towers South, Suite 154, Louisville, KY 40202",
    "phone": "(502) 629-2804"
  },
  {
    "name": "Norton Cancer Institute Pat Harrison Resource Center",
    "address": "1206 Spring Street, Jeffersonville, IN 47130",
    "phone": "(812) 288-1156"
  },
  {
    "name": "Norton Cancer Institute Resource Center – Brownsboro",
    "address": "4955 Norton Healthcare Boulevard, Floor 1, Louisville, KY 40241",
    "phone": "(502) 394-6415"
  },
  {
    "name": "Norton Cancer Institute Resource Center – Downtown",
    "address": "234 East Gray Street, Medical Towers South, Suite 164, Louisville, KY 40202",
    "phone": "(502) 629-5500"
  },
  {
    "name": "Norton Cancer Institute Women's Cancer Center - Downtown",
    "address": "234 East Gray Street, Louisville, KY 40202",
    "phone": "(502) 629-2500"
  },
  {
    "name": "Norton Cancer Institute - Shelbyville",
    "address": "131 Stonecrest Road, Suite 100, Shelbyville, KY 40065",
    "phone": "(502) 633-7093"
  },
  {
    "name": "Norton Cancer Institute Behavioral Oncology - Downtown",
    "address": "234 East Gray Street, Suite 154, Louisville, KY 40202",
    "phone": "(502) 899-2673"
  },
  {
    "name": "Norton Community Medical Associates - Jeffersonville Commons",
    "address": "2021 Mercy Way, Suite 102, Jeffersonville, IN 47130",
    "phone": "(812) 218-6430"
  },
  {
    "name": "Norton Community Medical Associates - Carrollton",
    "address": "205 Marwill Drive, Carrollton, KY 41008",
    "phone": "(502) 732-6956"
  },
  {
    "name": "Norton Sleep Center - Audubon",
    "address": "1 Audubon Plaza Drive, Norton Audubon Hospital, Lower Level 1, Louisville, KY 40217",
    "phone": "(502) 559-5559"
  },
  {
    "name": "Norton Sleep Center - Brownsboro",
    "address": "4950 Norton Healthcare Boulevard, Norton Medical Plaza I - Brownsboro, Suite 210, Louisville, KY 40241",
    "phone": "(502) 559-5559"
  },
  {
    "name": "Norton Community Medical Associates - Endocrinology - Brownsboro",
    "address": "4915 Norton Healthcare Boulevard, Medical Plaza III, Suite 201, Louisville, KY 40241",
    "phone": ""
  },
  {
    "name": "Norton Community Medical Associates - Endocrinology - West Louisville",
    "address": "850 South 28th Street, Suite 102, Louisville, KY 40211",
    "phone": "(502) 629-5400"
  },
  {
    "name": "Norton Clark Hospital - Emergency",
    "address": "1220 Missouri Avenue, Jeffersonville, IN 47130",
    "phone": "(812) 283-2521"
  },
  {
    "name": "Norton Orthopedic Institute - Shelbyville",
    "address": "150 Frankfort Road, Suite 102B, Shelbyville, KY 40065",
    "phone": "(502) 633-9030"
  },
  {
    "name": "Norton Orthopedic Institute - Stonestreet",
    "address": "9300 Stonestreet Road, Suite 200, Louisville, KY 40272",
    "phone": "(502) 449-6448"
  },
  {
    "name": "Norton Orthopedic Institute - Clarksville",
    "address": "2051 Clevidence Boulevard, Clarksville, IN 47129",
    "phone": "(812) 280-9145"
  },
  {
    "name": "Norton Orthopedic Institute - Madison",
    "address": "1373 East State Road 62, Madison, IN 47250",
    "phone": "(812) 801-0848"
  },
  {
    "name": "Norton Orthopedic Institute - New Albany",
    "address": "3707 Charlestown Road, Suite C1, New Albany, IN 47150",
    "phone": "(812) 944-4720"
  },
  {
    "name": "Norton Orthopedic Institute - Valley Station",
    "address": "10798 Dixie Highway, Suite 103, Louisville, KY 40272",
    "phone": "(502) 935-2593"
  },
  {
    "name": "Norton Arm and Hand Institute - Brownsboro",
    "address": "9880 Angies Way, Medical Plaza II, Suite 350, Louisville, KY 40241",
    "phone": "(502) 629-4263"
  },
  {
    "name": "Norton Arm and Hand Institute - Downtown",
    "address": "315 East Broadway, Norton Healthcare Pavilion, Suite 195, Louisville, KY 40202",
    "phone": "(502) 629-4263"
  },
  {
    "name": "Norton Neuroscience Institute - Sports Neurology - St. Matthews",
    "address": "4123 Dutchmans Lane, Medical Plaza 3, Suite 101, Louisville, KY 40207",
    "phone": "(502) 899-6782"
  },
  {
    "name": "Norton Hospital - Neurodiagnostics",
    "address": "200 East Chestnut Street, Louisville, KY 40202",
    "phone": "(502) 629-7740"
  },
  {
    "name": "Norton Sleep Center - Scottsburg",
    "address": "1473 North Gardner Street, Scottsburg, IN 47170",
    "phone": "(812) 427-9564"
  },
  {
    "name": "Norton Neuroscience Institute - Adult Neurodevelopmental Program - Downtown",
    "address": "210 East Gray Street, Suite 1003, Louisville, KY 40202",
    "phone": "(502) 899-6782"
  },
  {
    "name": "Norton Pain Management Associates - Downtown",
    "address": "315 East Broadway, Norton Healthcare Pavilion, Suite 415, Louisville, KY 40202",
    "phone": "(502) 629-5455"
  },
  {
    "name": "Norton Community Medical Associates - Brownsboro",
    "address": "9880 Angies Way, Medical Plaza II, Suite 420, Louisville, KY 40241",
    "phone": "(502) 394-6200"
  },
  {
    "name": "Norton Spine Specialists - Jeffersonville",
    "address": "3118 East 10th Street, Suite A, Jeffersonville, IN 47130",
    "phone": "(812) 282-8494"
  },
  {
    "name": "Lois A. Kratz Wellness Center",
    "address": "1319 Missouri Avenue, Jeffersonville, IN 47130",
    "phone": "(812) 283-2786"
  },
  {
    "name": "Norton Behavioral Health – Clark",
    "address": "1220 Missouri Avenue, Jeffersonville, IN 47130",
    "phone": "(812) 283-2161"
  },
  {
    "name": "Norton Pharmacy Home Infusion Services",
    "address": "2700 Stanley Gault Parkway, Suite 101, Louisville, KY 40223",
    "phone": "(502) 559-1373"
  },
  {
    "name": "Norton Immediate Care Center - Jeffersonville",
    "address": "3118 East 10th Street, Jeffersonville, IN 47130",
    "phone": ""
  },
  {
    "name": "Norton Immediate Care Center - LaGrange",
    "address": "1230 Market Street, Suite B, La Grange, KY 40031",
    "phone": ""
  },
  {
    "name": "Norton Immediate Care Center - Lyndon",
    "address": "1321 Herr Lane, Suite 195, Louisville, KY 40222",
    "phone": ""
  },
  {
    "name": "Norton Immediate Care Center - Middletown",
    "address": "12903 Shelbyville Road, Louisville, KY 40243",
    "phone": ""
  },
  {
    "name": "Norton Immediate Care Center - Shepherdsville",
    "address": "438 Adam Shepherd Parkway, Suite 2, Shepherdsville, KY 40165",
    "phone": ""
  },
  {
    "name": "Norton Immediate Care Center - Tyler Retail Village",
    "address": "12615 Taylorsville Road, Suite A, Louisville, KY 40299",
    "phone": ""
  },
  {
    "name": "Norton Prompt Care - Arena Plaza",
    "address": "1 Arena Plaza, Louisville, KY 40202",
    "phone": "(502) 446-5555"
  },
  {
    "name": "Norton Prompt Care at Walgreens - Clarksville",
    "address": "220 East Lewis and Clark Parkway, Clarksville, IN 47129",
    "phone": "(502) 446-5555"
  },
  {
    "name": "Norton Prompt Care at Walgreens - Dixie",
    "address": "5100 Dixie Highway, Louisville, KY 40216",
    "phone": "(502) 446-5555"
  },
  {
    "name": "Norton Prompt Care at Walgreens - Jeffersonville",
    "address": "2811 Holmans Lane, Jeffersonville, IN 47130",
    "phone": "(502) 446-5555"
  },
  {
    "name": "Norton Immediate Care Center - Hilltop",
    "address": "445 Clifty Drive, Madison, IN 47250",
    "phone": ""
  },
  {
    "name": "Norton Immediate Care Center - Valley Station",
    "address": "10798 Dixie Highway, Suite 101, Louisville, KY 40272",
    "phone": ""
  },
  {
    "name": "Norton Immediate Care Center - Brownsboro",
    "address": "9880 Angies Way, Medical Plaza II, Suite 160, Louisville, KY 40241",
    "phone": ""
  },
  {
    "name": "Norton Immediate Care Center - Dixie",
    "address": "4420 Dixie Highway, Suite 116, Louisville, KY 40216",
    "phone": ""
  }
]