[
  {
    "name": "Acute Care Surgery - Edgewood",
    "address": "1 Medical Village Drive, Edgewood, KY 41017-3403",
    "phone": "(859) 578-5880"
  },
  {
    "name": "Advanced Heart Failure Management Center - Edgewood",
    "address": "1 Medical Village Drive, Edgewood, KY 41017-3403",
    "phone": "(859) 301-0124"
  },
  {
    "name": "Advanced Heart Failure Management Center - Edgewood Heart & Vascular Institute",
    "address": "711 Medical Village Drive, Edgewood, KY 41017-3439",
    "phone": "(859) 301-0124"
  },
  {
    "name": "Advanced Heart Failure Management Center - Ft. Thomas Outreach Clinic",
    "address": "1400 Grand Avenue, Newport, KY 41071-2570",
    "phone": "(859) 301-0124"
  },
  {
    "name": "Arrhythmia Consultants - HVI Edgewood Heart & Vascular Institute",
    "address": "711 Medical Village Drive, Edgewood, KY 41017-3439",
    "phone": "(859) 331-3353"
  },
  {
    "name": "Arrhythmia Consultants - HVI Florence Turfway",
    "address": "7388 Turfway Road, Florence, KY 41042-1381",
    "phone": "(859) 331-3353"
  },
  {
    "name": "Arrhythmia Consultants - HVI Lawrenceburg",
    "address": "606 Wilson Creek Road, Lawrenceburg, IN 47025-1095",
    "phone": "(859) 331-3353"
  },
  {
    "name": "Arrhythmia Consultants - HVI Newport/Ft. Thomas",
    "address": "1400 Grand Avenue, Newport, KY 41071-2570",
    "phone": "(859) 331-3353"
  },
  {
    "name": "Behavioral Health - Burlington",
    "address": "6105 1st Financial Drive, Burlington, KY 41005-7892",
    "phone": "(859) 301-5901"
  },
  {
    "name": "Behavioral Health - Covington",
    "address": "1500 James Simpson Jr. Way, Covington, KY 41011-0801",
    "phone": "(859) 301-5901"
  },
  {
    "name": "Acute Care Surgery - Edgewood",
    "address": "1 Medical Village DriveEdgewood, KY 41017-3403",
    "phone": "(859) 578-5880"
  },
  {
    "name": "Advanced Heart Failure Management Center - Edgewood",
    "address": "1 Medical Village DriveEdgewood, KY 41017-3403",
    "phone": "(859) 301-0124"
  },
  {
    "name": "Advanced Heart Failure Management Center - Edgewood Heart & Vascular Institute",
    "address": "711 Medical Village DriveEdgewood, KY 41017-3439",
    "phone": "(859) 301-0124"
  },
  {
    "name": "Advanced Heart Failure Management Center - Ft. Thomas Outreach Clinic",
    "address": "1400 Grand AvenueNewport, KY 41071-2570",
    "phone": "(859) 301-0124"
  },
  {
    "name": "Arrhythmia Consultants - HVI Edgewood Heart & Vascular Institute",
    "address": "711 Medical Village DriveEdgewood, KY 41017-3439",
    "phone": "(859) 331-3353"
  },
  {
    "name": "Arrhythmia Consultants - HVI Florence Turfway",
    "address": "7388 Turfway RoadFlorence, KY 41042-1381",
    "phone": "(859) 331-3353"
  },
  {
    "name": "Arrhythmia Consultants - HVI Lawrenceburg",
    "address": "606 Wilson Creek RoadLawrenceburg, IN 47025-1095",
    "phone": "(859) 331-3353"
  },
  {
    "name": "Arrhythmia Consultants - HVI Newport/Ft. Thomas",
    "address": "1400 Grand AvenueNewport, KY 41071-2570",
    "phone": "(859) 331-3353"
  },
  {
    "name": "Behavioral Health - Burlington",
    "address": "6105 1st Financial DriveBurlington, KY 41005-7892",
    "phone": "(859) 301-5901"
  },
  {
    "name": "Behavioral Health - Covington",
    "address": "1500 James Simpson Jr. WayCovington, KY 41011-0801",
    "phone": "(859) 301-5901"
  },
  {
    "name": "Behavioral Health - Covington Suite 300",
    "address": "20 West 18th StreetCovington, KY 41011-3329",
    "phone": "(859) 757-0717"
  },
  {
    "name": "Behavioral Health - Crestview Hills",
    "address": "334 Thomas More ParkwayCrestview Hills, KY 41017-3464",
    "phone": "(859) 301-5901"
  },
  {
    "name": "Behavioral Health - Crittenden",
    "address": "405 Violet RoadCrittenden, KY 41030-8956",
    "phone": "(859) 301-5901"
  },
  {
    "name": "Behavioral Health - Dry Ridge",
    "address": "100 Blackburn LaneDry Ridge, KY 41035-8806",
    "phone": "(859) 301-5901"
  },
  {
    "name": "Behavioral Health - Edgewood",
    "address": "1 Medical Village DriveEdgewood, KY 41017-3403",
    "phone": "(859) 301-5901"
  },
  {
    "name": "Behavioral Health - Erlanger SUN",
    "address": "820 Dolwick DriveErlanger, KY 41018-2774",
    "phone": "(859) 301-5901"
  },
  {
    "name": "Behavioral Health - Florence",
    "address": "4900 Houston RoadFlorence, KY 41042-4824",
    "phone": "859-301-5901"
  },
  {
    "name": "Behavioral Health - Florence Turfway Suite 140",
    "address": "7300 Turfway RoadFlorence, KY 41042-1398",
    "phone": "(859) 301-5901"
  },
  {
    "name": "Behavioral Health - Greendale",
    "address": "1640 Flossie DriveGreendale, IN 47025-8424",
    "phone": "(859) 301-5901"
  },
  {
    "name": "Behavioral Health - Hebron",
    "address": "2000 Litton LaneHebron, KY 41048-8611",
    "phone": "(859) 301-5901"
  },
  {
    "name": "Behavioral Health - Highland Heights",
    "address": "2626 Alexandria PikeHighland Heights, KY 41076-1530",
    "phone": "(859) 301-5901"
  },
  {
    "name": "Behavioral Health - Newport Ovation",
    "address": "200 West 3rd StreetNewport, KY 41071-1814",
    "phone": "(859) 301-5901"
  },
  {
    "name": "Behavioral Health - Newport/Ft. Thomas",
    "address": "1400 Grand AvenueNewport, KY 41071-2570",
    "phone": "(859) 301-5901"
  },
  {
    "name": "Behavioral Health - Turfway",
    "address": "7370 Turfway RoadFlorence, KY 41042-4896",
    "phone": "(859) 301-5901"
  },
  {
    "name": "Behavioral Health - Union Richwood",
    "address": "605 Man O War BoulevardUnion, KY 41091-2007",
    "phone": "(859) 757-0717"
  },
  {
    "name": "Behavioral Health - Walton",
    "address": "13260 Service RoadWalton, KY 41094-9565",
    "phone": "(859) 301-5901"
  },
  {
    "name": "Breast Center - Florence",
    "address": "4900 Houston RoadFlorence, KY 41042",
    "phone": "(859) 212-4329"
  },
  {
    "name": "Breast Center - Ft. Thomas",
    "address": "85 N. Grand AvenueFt. Thomas, KY 41075",
    "phone": "(859) 572-2300"
  },
  {
    "name": "Breast Center - Grant",
    "address": "238 Barnes RdWilliamstown, KY 41097-9482",
    "phone": "(859) 824-8110"
  },
  {
    "name": "Breast Center – Covington",
    "address": "1500 James Simpson, Jr. WayCovington, KY 41011",
    "phone": "(859) 655-8777"
  },
  {
    "name": "Breast Health - Cancer Center Greendale",
    "address": "17525 Greendale Plaza DriveGreendale, IN 47025-8299",
    "phone": "(812) 496-7710"
  },
  {
    "name": "Breast Health- Cancer Center",
    "address": "1 Medical Village DriveEdgewood, KY 41017-3403",
    "phone": "(859) 301-6257"
  },
  {
    "name": "Breast Health- Edgewood Cancer Center",
    "address": "1 Medical Village DriveEdgewood, KY 41017-3403",
    "phone": "(859) 301-6257"
  },
  {
    "name": "Breast Health- Greendale",
    "address": "17525 Greendale Plaza DriveGreendale, IN 47025-8299",
    "phone": "(812) 496-7710"
  },
  {
    "name": "Business Health - Mineola Clinic",
    "address": "4123 Olympic BoulevardErlanger, KY 41018-3508",
    "phone": "(859) 301-2999"
  },
  {
    "name": "Cancer Care Retail Pharmacy",
    "address": "1 Medical Village Dr.Edgewood, KY 41017",
    "phone": "859-301-4510"
  },
  {
    "name": "Cancer Care- Edgewood",
    "address": "1 Medical Village DriveEdgewood, KY 41017-3403",
    "phone": "(859) 301-2237"
  },
  {
    "name": "Cardiac & Vascular Diagnostic Imaging - Covington",
    "address": "1500 James Simpson Jr. WayCovington, KY 41011",
    "phone": "(859) 655-8666"
  },
  {
    "name": "Cardiac Diagnostic Imaging - Edgewood Heart & Vascular Institute",
    "address": "711 Medical Village Dr.Edgewood, KY 41017",
    "phone": "(859) 331-3484"
  },
  {
    "name": "Cardiac Rehabilitation Center - Dearborn",
    "address": "600 Wilson Creek RoadLawrenceburg, IN 47025",
    "phone": "(812) 496-7254"
  },
  {
    "name": "Cardiac Rehabilitation Center - Edgewood Heart & Vascular Institute",
    "address": "711 Medical Village Dr.Edgewood, KY 41017",
    "phone": "(859) 301-3600"
  },
  {
    "name": "Cardiac Rehabilitation Center - Ft. Thomas",
    "address": "85 North Grand AvenueFt. Thomas, KY 41075",
    "phone": "(859) 572-3382"
  },
  {
    "name": "Cardiac Rehabilitation Center - Grant",
    "address": "300 Barnes Rd.Williamstown, KY 41097",
    "phone": "(859) 824-8244"
  },
  {
    "name": "Cardiac Surgeons- Edgewood",
    "address": "1 Medical Village DriveEdgewood, KY 41017-3403",
    "phone": "(859) 301-9010"
  },
  {
    "name": "Cardiac Surgeons- Edgewood Heart & Vascular Institute",
    "address": "711 Medical Village DriveEdgewood, KY 41017-3439",
    "phone": "(859) 301-9010"
  },
  {
    "name": "CardioVascular Mobile Health Unit",
    "address": "1 Medical Village DriveEdgewood, KY 41017",
    "phone": "(859) 301-9355"
  },
  {
    "name": "Care Coordination - Covington",
    "address": "1500 James Simpson, Jr. WayCovington, KY 41011",
    "phone": "(859) 301-2275"
  },
  {
    "name": "Care Coordination - Edgewood",
    "address": "1 Medical Village DriveEdgewood, KY 41017",
    "phone": "(859) 301-2275"
  },
  {
    "name": "Care Coordination - Florence",
    "address": "4900 Houston RoadFlorence, KY 41042",
    "phone": "(859) 212-5200"
  },
  {
    "name": "Care Coordination - Ft. Thomas",
    "address": "85 N. Grand AvenueFt. Thomas, KY 41075",
    "phone": "(859) 572-3100"
  },
  {
    "name": "Care Coordination - Grant",
    "address": "238 Barnes RdWilliamstown, KY 41097-9482",
    "phone": "(859) 824-8240"
  },
  {
    "name": "Case Managers",
    "address": "1 Medical Village DriveEdgewood, KY 41017",
    "phone": ""
  },
  {
    "name": "Center for Family Medicine",
    "address": "413 South Loop RoadEdgewood, KY 41017-5446",
    "phone": "(859) 301-3800"
  },
  {
    "name": "Clinical and Certified Social Workers",
    "address": "1 Medical Village DriveEdgewood, KY 41017",
    "phone": ""
  },
  {
    "name": "Colorectal Surgery - Edgewood Suite 271",
    "address": "20 Medical Village DriveEdgewood, KY 41017- 5401",
    "phone": "(859) 578-5880"
  },
  {
    "name": "Colorectal Surgery - Florence",
    "address": "4900 Houston RoadFlorence, KY 41042-4824",
    "phone": "(859) 578-5880"
  },
  {
    "name": "Concierge Complete - Ft. Mitchell",
    "address": "2300 Chamber Center DriveFt. Mitchell, KY 41017-1686",
    "phone": "(859) 655-7040"
  },
  {
    "name": "Covington Anti-Coagulation Clinic",
    "address": "1500 James Simpson Jr. WayCovington, KY 41011",
    "phone": "(859) 301-6790"
  },
  {
    "name": "Dearborn Outpatient Pharmacy",
    "address": "600 Wilson Creek Rd. Lawrenceburg, IN 47025",
    "phone": "(812) 496-7388"
  },
  {
    "name": "Dermatology - Crestview Hills",
    "address": "651 Centre View BoulevardCrestview Hills, KY 41017-5423",
    "phone": "(859) 371-3376"
  },
  {
    "name": "Dermatology - Florence Turfway",
    "address": "7300 Turfway RoadFlorence, KY 41042-1338",
    "phone": "(859) 371-3376"
  },
  {
    "name": "Dermatology - Highland Heights",
    "address": "2626 Alexandria PikeHighland Heights, KY 41076-1530",
    "phone": "(859) 371-3376"
  },
  {
    "name": "Domestic Violence  Program - Edgewood",
    "address": "1 Medical Village DriveEdgewood, KY 41017",
    "phone": "(859) 301-9266"
  },
  {
    "name": "Edgewood Anti-Coagulation Clinic",
    "address": "20 Medical Village Dr.Edgewood, KY 41017",
    "phone": "(859) 301-6790"
  },
  {
    "name": "Family Birth Place - Edgewood",
    "address": "1 Medical Village DriveEdgewood, KY 41017",
    "phone": ""
  },
  {
    "name": "Florence Anti-Coagulation Clinic",
    "address": "7370 Turfway Rd. Suite 170Florence, KY 41042",
    "phone": "(859) 212-5568"
  },
  {
    "name": "Florence Heart & Vascular Institute Outreach Building",
    "address": "4900 Houston RoadFlorence, KY 41042",
    "phone": "(859) 301-5570"
  },
  {
    "name": "Florence Outpatient Pharmacy",
    "address": "7370 Turfway Rd.Florence, KY 41042",
    "phone": "(859) 212-4450"
  },
  {
    "name": "Foundation - Edgewood",
    "address": "1 Medical Village DriveEdgewood, KY 41017",
    "phone": "(859) 301-3920"
  },
  {
    "name": "Ft. Thomas Anti-Coagulation Clinic",
    "address": "85 N. Grand AvenueFt. Thomas, KY 41075",
    "phone": "(859) 572-3790"
  },
  {
    "name": "Gastroenterology - Crestview Hills Centre View",
    "address": "651 Centre View BoulevardCrestview Hills, KY 41017-5423",
    "phone": "(859) 331-6466"
  },
  {
    "name": "Gastroenterology - Dearborn",
    "address": "600 Wilson Creek RoadLawrenceburg, IN 47025-2751",
    "phone": "(859) 331-6466"
  },
  {
    "name": "Gastroenterology - Edgewood",
    "address": "1 Medical Village DriveEdgewood, KY 41017-3403",
    "phone": "(859) 331-6466"
  },
  {
    "name": "Gastroenterology - Florence",
    "address": "4900 Houston RoadFlorence, KY 41042-4824",
    "phone": "(859) 331-6466"
  },
  {
    "name": "Gastroenterology - Florence Endoscopy Center – Entrance 1D",
    "address": "4900 Houston RoadFlorence, KY 41042-4824",
    "phone": "(859) 331-6466"
  },
  {
    "name": "Gastroenterology - Ft. Thomas",
    "address": "85 North Grand AvenueFt. Thomas, KY 41075-1793",
    "phone": "(859) 331-6466"
  },
  {
    "name": "Gastroenterology - Grant",
    "address": "238 Barnes RoadWilliamstown, KY 41097-9482",
    "phone": "(859) 331-6466"
  },
  {
    "name": "Gastroenterology - Lawrenceburg",
    "address": "606 Wilson Creek RoadLawrenceburg, IN 47025-1095",
    "phone": "(812) 496-8794"
  },
  {
    "name": "Gastroenterology - Newport/Ft. Thomas",
    "address": "1400 Grand AvenueNewport, KY 41071-2570",
    "phone": "(859) 331-6466"
  },
  {
    "name": "Gastroenterology - Williamstown",
    "address": "300 Barnes RoadWilliamstown, KY 41097-9483",
    "phone": "(859) 331-6466"
  },
  {
    "name": "General Surgery - Edgewood",
    "address": "1 Medical Village DriveEdgewood, KY 41017-3403",
    "phone": "(859) 578-5880"
  },
  {
    "name": "General Surgery - Edgewood Suite 254",
    "address": "20 Medical Village DriveEdgewood, KY 41017-5401",
    "phone": "(859) 344-1600"
  },
  {
    "name": "General Surgery - Edgewood Suite 271",
    "address": "20 Medical Village DriveEdgewood, KY 41017-5401",
    "phone": "(859) 578-5880"
  },
  {
    "name": "General Surgery - Florence",
    "address": "4900 Houston RoadFlorence, KY 41042-4824",
    "phone": "(859) 212-4625"
  },
  {
    "name": "General Surgery - Ft. Thomas",
    "address": "85 North Grand AvenueFt. Thomas, KY 41075-1793",
    "phone": "(859) 781-2628"
  },
  {
    "name": "General Surgery - Lawrenceburg",
    "address": "368 Bielby RoadLawrenceburg, IN 47025-1099",
    "phone": "(812) 496-8771"
  },
  {
    "name": "General Surgery - Newport",
    "address": "1400 Grand AvenueNewport, KY 41071-2570",
    "phone": "(859) 441-3818"
  },
  {
    "name": "General Surgery - Owenton",
    "address": "120 Progress WayOwenton, KY 40359-6032",
    "phone": "(859) 344-1600"
  },
  {
    "name": "General Surgery - Williamstown",
    "address": "238 Barnes RoadWilliamstown, KY 41097-9482",
    "phone": "(859) 824-8104"
  },
  {
    "name": "Geriatrics - Florence",
    "address": "4900 Houston RoadFlorence, KY 41042-4824",
    "phone": "(859) 212-4302"
  },
  {
    "name": "Geriatrics - Ft. Thomas",
    "address": "85 North Grand AvenueFt. Thomas, KY 41075-4027",
    "phone": "(859) 912-7211"
  },
  {
    "name": "Gift Shop - Dearborn",
    "address": "600 Wilson Creek Rd.Lawrenceburg, IN 47025",
    "phone": "(812) 496-7270"
  },
  {
    "name": "Gift Shop - Edgewood",
    "address": "1 Medical Village DriveEdgewood, KY 41017",
    "phone": "(859) 301-2137"
  },
  {
    "name": "Gift Shop - Florence",
    "address": "4900 Houston RoadFlorence, KY 41042",
    "phone": "(859) 212-5202"
  },
  {
    "name": "Gift Shop - Ft. Thomas",
    "address": "85 N. Grand Ave.Ft. Thomas, KY 41075",
    "phone": "(859) 572-3235"
  },
  {
    "name": "Grant County Anti-Coagulation Clinic",
    "address": "238 Barnes Rd.Williamstown, KY 41097",
    "phone": "(859) 212-5568"
  },
  {
    "name": "Hand Therapy - Crestview Hills",
    "address": "741 Centre View Blvd.Crestview Hills, KY 41017",
    "phone": "(859) 301-5540"
  },
  {
    "name": "Hand Therapy - Dearborn",
    "address": "600 Wilson Creek RoadLawrenceburg, IN 47025",
    "phone": "(812) 496-8790"
  },
  {
    "name": "Heart & Vascular - Covington",
    "address": "1500 James Simpson Jr WayCovington, KY 41011-0801",
    "phone": "(859) 287-3045"
  },
  {
    "name": "Heart & Vascular - Dearborn",
    "address": "600 Wilson Creek RoadLawrenceburg, IN 47025-2751",
    "phone": "(812) 496-4910"
  },
  {
    "name": "Heart & Vascular - Edgewood",
    "address": "1 Medical Village DriveEdgewood, KY 41017-3403",
    "phone": "(859) 301-2000"
  },
  {
    "name": "Heart & Vascular - Edgewood Heart & Vascular Institute",
    "address": "711 Medical Village DriveEdgewood, KY 41017-3439",
    "phone": "(859) 287-3045"
  },
  {
    "name": "Heart & Vascular - Florence Turfway",
    "address": "7388 Turfway RoadFlorence, KY 41042-1381",
    "phone": "(859) 287-3045"
  },
  {
    "name": "Heart & Vascular - HVI Covington",
    "address": "1500 James Simpson Jr. WayCovington, KY 41011-0801",
    "phone": "(859) 287-3045"
  },
  {
    "name": "Heart & Vascular - HVI Edgewood",
    "address": "1 Medical Village DriveEdgewood, KY 41017-3403",
    "phone": "(859) 301-2000"
  },
  {
    "name": "Heart & Vascular - HVI Edgewood Heart & Vascular Institute",
    "address": "711 Medical Village DriveEdgewood, KY 41017-3439",
    "phone": "(859) 287-3045"
  },
  {
    "name": "Heart & Vascular - HVI Florence",
    "address": "4900 Houston RoadFlorence, KY 41042-4824",
    "phone": "(859) 212-5200"
  },
  {
    "name": "Heart & Vascular - HVI Florence Turfway",
    "address": "7388 Turfway RoadFlorence, KY 41042-1381",
    "phone": "(859) 287-3045"
  },
  {
    "name": "Heart & Vascular - HVI Ft. Thomas",
    "address": "85 North Grand AvenueFt. Thomas, KY 41075-1793",
    "phone": "(859) 287-3045"
  },
  {
    "name": "Heart & Vascular - HVI Greendale",
    "address": "1640 Flossie DriveGreendale, IN 47025-8424",
    "phone": "(812) 496-4910"
  },
  {
    "name": "Heart & Vascular - HVI Lawrenceburg",
    "address": "606 Wilson Creek RoadLawrenceburg, IN 47025-1095",
    "phone": "(812) 496-4910"
  },
  {
    "name": "Heart & Vascular - HVI Newport",
    "address": "1400 Grand AvenueNewport, KY 41071-2570",
    "phone": "(859) 287-3045"
  },
  {
    "name": "Heart & Vascular - HVI Williamstown",
    "address": "238 Barnes RoadWilliamstown, KY 41097-9482",
    "phone": "(859) 287-3045"
  },
  {
    "name": "Heart & Vascular - Lawrenceburg",
    "address": "606 Wilson Creek RoadLawrenceburg, IN 47025-1095",
    "phone": "(812) 496-4910"
  },
  {
    "name": "Heart & Vascular - Newport/Ft. Thomas",
    "address": "1400 Grand AvenueNewport, KY 41071-2570",
    "phone": "(859) 287-3045"
  },
  {
    "name": "Heart & Vascular - Williamstown",
    "address": "238 Barnes RoadWilliamstown, KY 41097-9482",
    "phone": "(859) 287-3045"
  },
  {
    "name": "Hospice - Edgewood",
    "address": "483 South Loop RoadEdgewood, KY 41017-5446",
    "phone": "(859) 301-4600"
  },
  {
    "name": "Hospitalist - Covington",
    "address": "1500 James Simpson Jr WayCovington, KY 41011-0801",
    "phone": "(859) 301-8074"
  },
  {
    "name": "Hospitalist - Dearborn",
    "address": "600 Wilson Creek RoadLawrenceburg, IN 47025-2751",
    "phone": "(859) 301-8074"
  },
  {
    "name": "Hospitalist - Edgewood",
    "address": "1 Medical Village DriveEdgewood, KY 41017-3403",
    "phone": "(859) 301-8074"
  },
  {
    "name": "Hospitalist - Erlanger SUN",
    "address": "820 Dolwick DriveErlanger, KY 41018-2774",
    "phone": "(859) 301-5901"
  },
  {
    "name": "Hospitalist - Florence",
    "address": "4900 Houston RoadFlorence, KY 41042-4824",
    "phone": "(859) 301-8074"
  },
  {
    "name": "Hospitalist - Ft. Thomas",
    "address": "85 North Grand AvenueFt. Thomas, KY 41075-1793",
    "phone": "(859) 301-8074"
  },
  {
    "name": "Hospitalist - Grant",
    "address": "238 Barnes RoadWilliamstown, KY 41097-9482",
    "phone": "(859) 301-8074"
  },
  {
    "name": "House Physician - Covington",
    "address": "1500 James Simpson Jr WayCovington, KY 41011-0801",
    "phone": "(859) 301-8074"
  },
  {
    "name": "House Physician - Edgewood",
    "address": "1 Medical Village DriveEdgewood, KY 41017-3403",
    "phone": "(859) 301-8074"
  },
  {
    "name": "House Physician - Florence",
    "address": "4900 Houston RoadFlorence, KY 41042-4824",
    "phone": "(859) 301-8074"
  },
  {
    "name": "House Physician - Ft. Thomas",
    "address": "85 North Grand AvenueFt. Thomas, KY 41075-1793",
    "phone": "(859) 301-8074"
  },
  {
    "name": "House Physician - Williamstown",
    "address": "238 Barnes RoadWilliamstown, KY 41097-9482",
    "phone": "(859) 301-8074"
  },
  {
    "name": "Imaging - Covington",
    "address": "1500 James Simpson Jr. WayCovington, KY 41011",
    "phone": "(859) 655-4360"
  },
  {
    "name": "Imaging - Dearborn",
    "address": "600 Wilson Creek Rd.Lawrenceburg, IN 47025",
    "phone": "(812) 496-7230"
  },
  {
    "name": "Imaging - Edgewood",
    "address": "1 Medical Village Dr.Edgewood, KY 41017",
    "phone": "(859) 301-2160"
  },
  {
    "name": "Imaging - Florence",
    "address": "4900 Houston Rd.Florence, KY 41042",
    "phone": "(859) 212-5420"
  },
  {
    "name": "Imaging - Ft. Thomas",
    "address": "85 N. Grand Ave.Ft. Thomas, KY 41075",
    "phone": "(859) 572-3140"
  },
  {
    "name": "Imaging - Grant",
    "address": "238 Barnes Rd.Williamstown, KY 41097",
    "phone": "(859) 824-8110"
  },
  {
    "name": "Imaging/Laboratory Services - Alexandria",
    "address": "7200 Alexandria PikeAlexandria, KY 41001",
    "phone": "(859) 572-3388"
  },
  {
    "name": "Imaging/Laboratory Services - Hebron",
    "address": "2200 Conner RoadHebron, KY 41048",
    "phone": "(859) 212-5100"
  },
  {
    "name": "Imaging/Laboratory Services - Independence",
    "address": "135 Courthouse CrossingIndependence, KY 41051",
    "phone": "(859) 301-0990"
  },
  {
    "name": "Imaging/Laboratory Services - Mt. Zion",
    "address": "10095 Investment WayFlorence, KY 41042",
    "phone": "(859) 301-7234"
  },
  {
    "name": "Imaging/Laboratory Services - Owen",
    "address": "120 Progress WayOwenton, KY 40359",
    "phone": "(502) 484-4600"
  },
  {
    "name": "Infectious Disease - Crestview Hills",
    "address": "651 Centre View BoulevardCrestview Hills, KY 41017-5423",
    "phone": "(859) 757-4446"
  },
  {
    "name": "Infectious Disease - Dearborn",
    "address": "600 Wilson Creek RoadLawrenceburg, IN 47025-2751",
    "phone": "(859) 757-4446"
  },
  {
    "name": "Infectious Disease - Edgewood",
    "address": "1 Medical Village DriveEdgewood, KY 41017-3403",
    "phone": "(859) 344-1512"
  },
  {
    "name": "Infectious Disease - Edgewood 20 Medical",
    "address": "20 Medical Village DriveEdgewood, KY 41017-5401",
    "phone": "(859) 344-1512"
  },
  {
    "name": "Infectious Disease - Florence",
    "address": "4900 Houston RoadFlorence, KY 41042-4824",
    "phone": "(859) 757-4446"
  },
  {
    "name": "Infectious Disease - Florence 7388 Turfway",
    "address": "7388 Turfway RoadFlorence, KY 41042-1381",
    "phone": "(859) 757-4446"
  },
  {
    "name": "Infectious Disease - Florence Turfway",
    "address": "7370 Turfway RoadFlorence, KY 41042-4896",
    "phone": "(859) 757-4446"
  },
  {
    "name": "Infectious Disease - Ft. Thomas",
    "address": "85 North Grand AvenueFt. Thomas, KY 41075-1793",
    "phone": "(859) 757-4446"
  },
  {
    "name": "Infectious Disease - Lawrenceburg",
    "address": "606 Wilson Creek RoadLawrenceburg, IN 47025-1035",
    "phone": "(859) 757-4446"
  },
  {
    "name": "Intensive Care Units - Dearborn",
    "address": "600 Wilson Creek Rd.Lawrenceburg, IN 47025",
    "phone": "(812) 496-8267"
  },
  {
    "name": "Intensive Care Units - Edgewood",
    "address": "1 Medical Village DriveEdgwood, KY 41017",
    "phone": "(859) 301-2300"
  },
  {
    "name": "Intensive Care Units - Florence",
    "address": "4900 Houston RoadFlorence, KY 41042",
    "phone": "(859) 212-4213"
  },
  {
    "name": "Intensive Care Units - Ft. Thomas",
    "address": "85 N. Grand AvenueFt. Thomas, KY 41075",
    "phone": "(859) 572-3160"
  },
  {
    "name": "Journey Recovery Center - Aurora Links",
    "address": "112 Links WayAurora, IN 47001-1403",
    "phone": "812-496-8785"
  },
  {
    "name": "Journey Recovery Center - Covington Suite 300",
    "address": "20 West 18th StreetCovington, KY 41011-3329",
    "phone": "(859) 757-0717"
  },
  {
    "name": "Journey Recovery Center - Dry Ridge",
    "address": "100 Blackburn LaneDry Ridge, KY 41035-8806",
    "phone": "(859) 757-0717"
  },
  {
    "name": "Laboratory Services - Covington Main Entrance",
    "address": "1500 James Simpson Jr. WayCovington, KY 41011",
    "phone": "(859) 655-4366"
  },
  {
    "name": "Laboratory Services - Crestview Hills",
    "address": "334 Thomas More Pkwy. Ste. 110Crestview Hills, KY 41017",
    "phone": "(859) 331-3302"
  },
  {
    "name": "Laboratory Services - Crittenden MOB",
    "address": "405 Violet Rd.Crittenden, KY 41030",
    "phone": "(859) 903-0087"
  },
  {
    "name": "Laboratory Services - Dearborn Main Entrance",
    "address": "600 Wilson Creek RoadLawrenceburg, IN 47025",
    "phone": "(812) 496-7300"
  },
  {
    "name": "Laboratory Services - Edgewood 3A Patient Entrance",
    "address": "1 Medical Village DriveEdgewood, KY 41017",
    "phone": "(859) 301-5649"
  },
  {
    "name": "Laboratory Services - Florence 3A Outpatient Entrance",
    "address": "4900 Houston RoadFlorence, KY 41042",
    "phone": "(859) 212-5450"
  },
  {
    "name": "Laboratory Services - Florence Turfway",
    "address": "7300 Turfway Rd Ste. 150Florence, KY 41042",
    "phone": "(859) 578-5010"
  },
  {
    "name": "Laboratory Services - Ft. Thomas 1A Main Entrance",
    "address": "85 N. Grand AvenueFt. Thomas, KY 41075",
    "phone": "(859) 572-3198"
  },
  {
    "name": "Laboratory Services - Ft. Thomas MOB",
    "address": "1400 N. Grand Ave.Newport, KY 41075",
    "phone": "(859) 905-3893"
  },
  {
    "name": "Laboratory Services - Grant 2A Outpatient",
    "address": "238 Barnes RoadWilliamstown, KY 41097",
    "phone": "(859) 824-8194"
  },
  {
    "name": "Laboratory Services - Greendale MOB",
    "address": "1640 Flossie Dr.Greendale, IN 47025",
    "phone": "(812) 496-3500"
  },
  {
    "name": "Laboratory Services - Richwood MOB",
    "address": "605 Man O War Blvd.Union, KY 41091",
    "phone": "(859) 578-5673"
  },
  {
    "name": "Laboratory Services - Taylor Mill",
    "address": "5100 Peace WayTaylor Mill, KY 41015",
    "phone": "(859) 578-5390"
  },
  {
    "name": "Laboratory Services - US 42 Union",
    "address": "8726 US 42Florence, KY 41042",
    "phone": "(859) 795-5446"
  },
  {
    "name": "Laborist - Edgewood",
    "address": "1 Medical Village DriveEdgewood, KY 41017-3403",
    "phone": "(859) 301-2440"
  },
  {
    "name": "MOHS Surgery - Crestview Hills",
    "address": "651 Centre View BoulevardCrestview Hills, KY 41017-5423",
    "phone": "(859) 301-6647"
  },
  {
    "name": "Mammography and Dexa Screening Center",
    "address": "600 Medical Village Dr.Edgewood, KY 41017",
    "phone": "(859) 301-6382"
  },
  {
    "name": "Medical Village Pharmacy",
    "address": "20 Medical Village Dr.Edgewood, KY 41017",
    "phone": "(859) 301-9025"
  },
  {
    "name": "Mobile Mammography Unit",
    "address": "1 Medical Village DriveEdgewood, KY 41017",
    "phone": "(877) 424-5750"
  },
  {
    "name": "Neurology - Crestview Hills",
    "address": "2670 Chancellor DriveCrestview Hills, KY 41017-5466",
    "phone": "(859) 957-0052"
  },
  {
    "name": "Neurology - Edgewood",
    "address": "1 Medical Village DriveEdgewood, KY 41017-3403",
    "phone": "(859) 957-0052"
  },
  {
    "name": "Neurology - Edgewood EMG",
    "address": "2670 Chancellor Drive 100 BCrestview Hills, KY 41017-5466",
    "phone": "(859) 957-0052"
  },
  {
    "name": "Neurology - Florence",
    "address": "4900 Houston RoadFlorence, KY 41042-4824",
    "phone": "(859) 957-0052"
  },
  {
    "name": "Neurology - Florence Turfway",
    "address": "7370 Turfway RoadFlorence, KY 41042-4896",
    "phone": "(859) 957-0052"
  },
  {
    "name": "Neurology - Ft. Thomas",
    "address": "85 North Grand AvenueFt. Thomas, KY 41075-1793",
    "phone": "(859) 957-0052"
  },
  {
    "name": "Neurology - Greendale",
    "address": "1640 Flossie DriveGreendale, IN 47025-8424",
    "phone": "(859) 957-0052"
  },
  {
    "name": "Neurology - Highland Heights",
    "address": "2626 Alexandria PikeHighland Heights, KY 41076-1530",
    "phone": "(859) 957-0052"
  },
  {
    "name": "Neurology - Newport/Ft. Thomas",
    "address": "1400 Grand AvenueNewport, KY 41071-2570",
    "phone": "(859) 957-0052"
  },
  {
    "name": "Nutrition Services - Edgewood",
    "address": "1 Medical Village DriveEdgewood, KY 41017",
    "phone": "(859) 301-2000"
  },
  {
    "name": "Nutrition Services - Florence",
    "address": "4900 Houston RoadFlorence, KY 41042",
    "phone": "(859) 212-5200"
  },
  {
    "name": "Nutrition Services - Ft. Thomas",
    "address": "85 N. Grand AvenueFt. Thomas, KY 41075",
    "phone": "(859) 572-3100"
  },
  {
    "name": "Occupational Therapy - Crestview Hills",
    "address": "741 Centre View Blvd.Crestview Hills, KY 41017",
    "phone": "(859) 301-2168"
  },
  {
    "name": "Occupational Therapy - Dearborn",
    "address": "600 Wilson Creek RoadLawrenceburg, IN 47025",
    "phone": "(812) 496-8790"
  },
  {
    "name": "Occupational Therapy - Florence",
    "address": "4900 Houston RoadFlorence, KY 41042",
    "phone": "(859) 212-5400"
  },
  {
    "name": "Occupational Therapy - Ft. Thomas",
    "address": "85 North Grand AvenueFt. Thomas, KY 41075",
    "phone": "(859) 572-3120"
  },
  {
    "name": "Oncology - Dearborn Cancer Center",
    "address": "17525 Greendale Plaza DriveGreendale, IN 47025-8299",
    "phone": "(859) 301-4000"
  },
  {
    "name": "Oncology - Edgewood Cancer Center",
    "address": "1 Medical Village DriveEdgewood, KY 41017-3403",
    "phone": "(859) 301-4000"
  },
  {
    "name": "Oncology - Ft. Thomas",
    "address": "85 North Grand AvenueFt. Thomas, KY 41075-1793",
    "phone": "(859) 572-3298"
  },
  {
    "name": "Oncology - Grant",
    "address": "238 Barnes RoadWilliamstown, KY 41097-9482",
    "phone": "(859) 824-8210"
  },
  {
    "name": "Ophthalmology - Batesville",
    "address": "374 Northside DriveBatesville, IN 47006-7038",
    "phone": "(812) 496-8782"
  },
  {
    "name": "Ophthalmology - Covington",
    "address": "1500 James Simpson Jr WayCovington, KY 41011-0801",
    "phone": "(859) 655-3111"
  },
  {
    "name": "Ophthalmology - Dearborn",
    "address": "600 Wilson Creek RoadLawrenceburg, IN 47025-2751",
    "phone": "(812) 496-8781"
  },
  {
    "name": "Ophthalmology - Edgewood South Loop",
    "address": "580 South Loop RoadEdgewood, KY 41017-3415",
    "phone": "(859) 301-6099"
  },
  {
    "name": "Ophthalmology - Florence",
    "address": "7370 Turfway RoadFlorence, KY 41042-4896",
    "phone": "(859) 746-1990"
  },
  {
    "name": "Ophthalmology - Fort Thomas",
    "address": "85 North Grand AvenueFt. Thomas, KY 41075-1793",
    "phone": "(859) 781-3110"
  },
  {
    "name": "Ophthalmology - Lawrenceburg",
    "address": "606 Wilson Creek RoadLawrenceburg, IN 47025-1095",
    "phone": "(812) 496-8781"
  },
  {
    "name": "Ophthalmology - Newport/Ft. Thomas",
    "address": "1400 Grand AvenueNewport, KY 41071-2570",
    "phone": "(859) 781-3110"
  },
  {
    "name": "Osteopathic Neuromusculoskeletal Medicine - Florence Turfway",
    "address": "7300 Turfway RoadFlorence, KY 41042-3801",
    "phone": "(859) 655-8980"
  },
  {
    "name": "Palliative Care - Dearborn",
    "address": "600 Wilson Creek RoadLawrenceburg, IN 47025-2751",
    "phone": "(812) 537-1010"
  },
  {
    "name": "Palliative Care - Edgewood",
    "address": "1 Medical Village DriveEdgewood, KY 41017-3403",
    "phone": "(859) 301-4688"
  },
  {
    "name": "Palliative Care - Florence",
    "address": "4900 Houston RoadFlorence, KY 41042-4824",
    "phone": "(859) 301-4688"
  },
  {
    "name": "Palliative Care - Ft. Thomas",
    "address": "85 North Grand AvenueFt. Thomas, KY 41075-1793",
    "phone": "(859) 301-4688"
  },
  {
    "name": "Palliative Care - The Yung Family Cancer Center",
    "address": "1 Medical Village DriveEdgewood, KY 41017",
    "phone": "(859) 301-2237"
  },
  {
    "name": "Pathology- Covington",
    "address": "1500 James Simpson Jr WayCovington, KY 41011-0801",
    "phone": "(859) 301-2018"
  },
  {
    "name": "Pathology- Edgewood",
    "address": "1 Medical Village DriveEdgewood, KY 41017-3403",
    "phone": "(859) 301-2018"
  },
  {
    "name": "Pathology- Florence",
    "address": "4900 Houston RoadFlorence, KY 41042-4824",
    "phone": "(859) 301-2018"
  },
  {
    "name": "Patient Logistics",
    "address": "1 Medical Village DriveEdgewood, KY 41017",
    "phone": ""
  },
  {
    "name": "Physiatry - Crestview Hills Centre View",
    "address": "651 Centre View BoulevardCrestview Hills, KY 41017-5423",
    "phone": "(859) 578-5665"
  },
  {
    "name": "Physical Therapy & Sports Medicine - Mt. Zion",
    "address": "10095 Investment WayFlorence, KY 41042-4798",
    "phone": "(859) 301-9070"
  },
  {
    "name": "Physical Therapy - Alexandria",
    "address": "7200 Alexandria PikeAlexandria, KY 41001",
    "phone": "(859) 572-3700"
  },
  {
    "name": "Physical Therapy - Burlington",
    "address": "5874 Veterans WayBurlington, KY 41005",
    "phone": "(859) 212-4200"
  },
  {
    "name": "Physical Therapy - Covington",
    "address": "1500 James Simpson, Jr. WayCovington, KY 41011",
    "phone": "(859) 655-4268"
  },
  {
    "name": "Physical Therapy - Crestview Hills",
    "address": "741 Centre View Blvd.Crestview Hills, KY 41017",
    "phone": "(859) 301-2168"
  },
  {
    "name": "Physical Therapy - Dearborn",
    "address": "600 Wilson Creek RoadLawrenceburg, IN 47025",
    "phone": "(812) 496-8790"
  },
  {
    "name": "Physical Therapy - Erlanger Griffin Elite",
    "address": "700 Dolwick Dr.Erlanger, KY 41018",
    "phone": "(859) 212-5600"
  },
  {
    "name": "Physical Therapy - Florence",
    "address": "4900 Houston RoadFlorence, KY 41042",
    "phone": "(859) 212-5400"
  },
  {
    "name": "Physical Therapy - Ft. Thomas",
    "address": "85 North Grand AvenueFt. Thomas, KY 41075",
    "phone": "(859) 572-3120"
  },
  {
    "name": "Physical Therapy - Grant",
    "address": "300 Barnes RoadWilliamstown, KY 41097",
    "phone": "(859) 824-8217"
  },
  {
    "name": "Physical Therapy - Versailles",
    "address": "476 West US 50Versailles, IN 47042",
    "phone": "(812) 496-8787"
  },
  {
    "name": "Physical Therapy - Vevay",
    "address": "1035 W. Main StreetVevay, IN 47043",
    "phone": "(812) 496-8792"
  },
  {
    "name": "Physical Therapy - Wilder",
    "address": "106 Crossing Dr.Wilder, KY 41076",
    "phone": "(859) 572-2360"
  },
  {
    "name": "Podiatry - Crestview Hills",
    "address": "351 Centre View BoulevardCrestview Hills, KY 41017-3477",
    "phone": "(859) 212-0175"
  },
  {
    "name": "Podiatry - Florence Turfway",
    "address": "7370 Turfway RoadFlorence, KY 41042-4896",
    "phone": "(859) 212-0175"
  },
  {
    "name": "Podiatry - Greendale",
    "address": "1640 Flossie DriveGreendale, IN 47025-8424",
    "phone": "(859) 212-0175"
  },
  {
    "name": "Podiatry - Newport Ovation",
    "address": "200 West 3rd StreetNewport, KY 41071-1814",
    "phone": "(859) 212-0175"
  },
  {
    "name": "Podiatry - Union Richwood",
    "address": "605 Man O War BoulevardUnion, KY 41091-2007",
    "phone": "(859) 212-0175"
  },
  {
    "name": "Precision Medicine & Genomic Health",
    "address": "1 Medical Village DriveEdgewood, KY 41017-3403",
    "phone": "(859) 301-4363"
  },
  {
    "name": "Primary Care - Alexandria",
    "address": "300 Commercial CircleAlexandria, KY 41001-2107",
    "phone": "(859) 635-9440"
  },
  {
    "name": "Primary Care - Aurora Casket Links",
    "address": "112 Links WayAurora, IN 47001-1403",
    "phone": "(812) 926-3133"
  },
  {
    "name": "Primary Care - Aurora Internal Medicine Links",
    "address": "112 Links WayAurora, IN 47001-1403",
    "phone": "(812) 496-8785"
  },
  {
    "name": "Primary Care - Aurora Links",
    "address": "112 Links WayAurora, IN 47001-1403",
    "phone": "(812) 926-3133"
  },
  {
    "name": "Primary Care - Bellevue",
    "address": "119 Fairfield AvenueBellevue, KY 41073-1184",
    "phone": "(859) 431-0090"
  },
  {
    "name": "Primary Care - Bright Lawrenceburg",
    "address": "2018 Jamison DriveLawrenceburg, IN 47025-8436",
    "phone": "(812) 496-8773"
  },
  {
    "name": "Primary Care - Bright Pediatrics Lawrenceburg",
    "address": "2018 Jamison DriveLawrenceburg, IN 47025-8436",
    "phone": "(812) 496-8772"
  },
  {
    "name": "Primary Care - Burlington",
    "address": "6105 1st Financial DriveBurlington, KY 41005-7892",
    "phone": "(859) 586-8200"
  },
  {
    "name": "Primary Care - Butler",
    "address": "79 Country Club DriveButler, KY 41006-8704",
    "phone": "(859) 654-2283"
  },
  {
    "name": "Primary Care - Covington",
    "address": "1500 James Simpson Jr WayCovington, KY 41011-0801",
    "phone": "(859) 655-4111"
  },
  {
    "name": "Primary Care - Covington Internal Medicine",
    "address": "1500 James Simpson Jr WayCovington, KY 41011-0801",
    "phone": "(859) 655-8980"
  },
  {
    "name": "Primary Care - Crestview Hills Internal Medicine",
    "address": "334 Thomas More ParkwayCrestview Hills, KY 41017-3464",
    "phone": "(859) 341-0288"
  },
  {
    "name": "Primary Care - Crestview Hills Internal Medicine/Pediatrics",
    "address": "334 Thomas More ParkwayCrestview Hills, KY 41017-3464",
    "phone": "(859) 578-3400"
  },
  {
    "name": "Primary Care - Crestview Hills Pediatrics",
    "address": "334 Thomas More ParkwayCrestview Hills, KY 41017-3464",
    "phone": "(859) 341-3383"
  },
  {
    "name": "Primary Care - Crittenden",
    "address": "405 Violet RoadCrittenden, KY 41030-8956",
    "phone": "(859) 428-1610"
  },
  {
    "name": "Primary Care - Dillsboro Internal Medicine Links",
    "address": "112 Links WayAurora, IN 47001-1403",
    "phone": "(812) 496-8783"
  },
  {
    "name": "Primary Care - Dry Ridge",
    "address": "100 Blackburn LaneDry Ridge, KY 41035-8806",
    "phone": "(859) 823-5441"
  },
  {
    "name": "Primary Care - Edgewood",
    "address": "830 Thomas More ParkwayEdgewood, KY 41017-5102",
    "phone": "(859) 301-8686"
  },
  {
    "name": "Primary Care - Edgewood 308 Internal Medicine/Pediatrics",
    "address": "20 Medical Village DriveEdgewood, KY 41017-5403",
    "phone": "(859) 578-5651"
  },
  {
    "name": "Primary Care - Florence Ewing Boulevard",
    "address": "7766 Ewing BoulevardFlorence, KY 41042-7537",
    "phone": "(859) 371-1153"
  },
  {
    "name": "Primary Care - Florence Turfway Pediatrics",
    "address": "7300 Turfway RoadFlorence, KY 41042-1379",
    "phone": "(859) 212-5025"
  },
  {
    "name": "Primary Care - Ft. Mitchell",
    "address": "2300 Chamber Center DriveFt. Mitchell, KY 41017-1686",
    "phone": "(859) 341-3114"
  },
  {
    "name": "Primary Care - Greendale",
    "address": "1640 Flossie DriveGreendale, IN 47025-8424",
    "phone": "(877) 670-7264"
  },
  {
    "name": "Primary Care - Greendale Pediatrics",
    "address": "1640 Flossie DriveGreendale, IN 47025-8424",
    "phone": "(877) 670-7264"
  },
  {
    "name": "Primary Care - Hebron Conner Road",
    "address": "2200 Conner RoadHebron, KY 41048-8142",
    "phone": "(859) 442-6600"
  },
  {
    "name": "Primary Care - Hebron Litton Lane",
    "address": "2000 Litton LaneHebron, KY 41048-8611",
    "phone": "(859) 334-8700"
  },
  {
    "name": "Primary Care - Highland Heights",
    "address": "2626 Alexandria PikeHighland Heights, KY 41076-1530",
    "phone": "(859) 781-4111"
  },
  {
    "name": "Primary Care - Independence",
    "address": "135 Courthouse CrossingIndependence, KY 41051-2509",
    "phone": "(859) 356-6800"
  },
  {
    "name": "Primary Care - Lawrenceburg Elm Street",
    "address": "98 Elm StreetLawrenceburg, IN 47025-2048",
    "phone": "(812) 496-8775"
  },
  {
    "name": "Primary Care - Lawrenceburg Pediatrics",
    "address": "98 Elm StreetLawrenceburg, IN 47025-2048",
    "phone": "(812) 496-8777"
  },
  {
    "name": "Primary Care - Lawrenceburg State Line",
    "address": "19849 State Line RoadLawrenceburg, IN 47025-7791",
    "phone": "(812) 496-8774"
  },
  {
    "name": "Primary Care - Milan",
    "address": "124 West Indian TrailMilan, IN 47031-8992",
    "phone": "(812) 496-8784"
  },
  {
    "name": "Primary Care - Newport Ovation",
    "address": "200 West 3rd StreetNewport, KY 41071-1814",
    "phone": "(859) 578-5662"
  },
  {
    "name": "Primary Care - Newport/Ft. Thomas",
    "address": "1400 Grand AvenueNewport, KY 41071-2570",
    "phone": "(859) 912-7193"
  },
  {
    "name": "Primary Care - Rising Sun",
    "address": "230 6th StreetRising Sun, IN 47040-1114",
    "phone": "(812) 496-8793"
  },
  {
    "name": "Primary Care - Southgate Internal Medicine",
    "address": "525 Alexandria PikeSouthgate, KY 41071-3290",
    "phone": "(859) 781-2210"
  },
  {
    "name": "Primary Care - Taylor Mill",
    "address": "5100 Peace WayTaylor Mill, KY 41015-3506",
    "phone": "(859) 491-2855"
  },
  {
    "name": "Primary Care - Turfway",
    "address": "7300 Turfway RoadFlorence, KY 41042-1375",
    "phone": "(859) 212-4700"
  },
  {
    "name": "Primary Care - Union Bristow Drive",
    "address": "1808 Bristow DriveUnion, KY 41091-3513",
    "phone": "(859) 301-7210"
  },
  {
    "name": "Primary Care - Union Richwood",
    "address": "605 Man O War BoulevardUnion, KY 41091-2007",
    "phone": "(859) 578-5333"
  },
  {
    "name": "Primary Care - Union US Highway 42",
    "address": "8726 US Highway 42Florence, KY 41042-8550",
    "phone": "(859) 384-2660"
  },
  {
    "name": "Primary Care - Vevay",
    "address": "1035 West Main StreetVevay, IN 47043-9126",
    "phone": "(812) 496-8786"
  },
  {
    "name": "Primary Care - Walton",
    "address": "13260 Service RoadWalton, KY 41094-9565",
    "phone": "(859) 485-4116"
  },
  {
    "name": "Primary Care - Williamstown",
    "address": "300 Barnes RoadWilliamstown, KY 41097-9483",
    "phone": "(859) 824-8400"
  },
  {
    "name": "PrimeWise - Edgewood",
    "address": "1 Medical Village DriveEdgewood, KY 41017",
    "phone": "(859) 301-5999"
  },
  {
    "name": "PrimeWise - Florence",
    "address": "4900 Houston Rd.Florence, KY 41042",
    "phone": ""
  },
  {
    "name": "PrimeWise - Ft. Thomas",
    "address": "85 N. Grand AvenueFt. Thomas, KY 41075",
    "phone": "(859) 301-5999"
  },
  {
    "name": "Pulmonary Hypertension - Crestview Hills",
    "address": "651 Centre View BoulevardCrestview Hills, KY 41017-5423",
    "phone": "(859) 757-2927"
  },
  {
    "name": "Pulmonary Rehabilitation & Asthma Education Center",
    "address": "1 Medical Village DriveEdgewood, KY 41017",
    "phone": "(859) 301-5750"
  },
  {
    "name": "Pulmonology - Crestview Hills",
    "address": "651 Centre View BoulevardCrestview Hills, KY 41017-5423",
    "phone": "(859) 757-2927"
  },
  {
    "name": "Pulmonology - Dearborn",
    "address": "600 Wilson Creek RoadLawrenceburg, IN 47025-2751",
    "phone": "(812) 496-8779"
  },
  {
    "name": "Pulmonology - Florence",
    "address": "4900 Houston RoadFlorence, KY 41042-4824",
    "phone": "(859) 212-7700"
  },
  {
    "name": "Pulmonology - Florence Turfway",
    "address": "7370 Turfway RoadFlorence, KY 41042-4896",
    "phone": "(859) 212-7700"
  },
  {
    "name": "Pulmonology - Ft. Thomas",
    "address": "85 North Grand AvenueFt. Thomas, KY 41075-1793",
    "phone": "(859) 212-7700"
  },
  {
    "name": "Pulmonology - Grant County",
    "address": "238 Barnes RoadWilliamstown, KY 41097-9482",
    "phone": "(859) 757-2927"
  },
  {
    "name": "Pulmonology - Lawrenceburg",
    "address": "606 Wilson Creek RoadLawrenceburg, IN 47025-1095",
    "phone": "(812) 496-8779"
  },
  {
    "name": "Pulmonology - Newport/Ft. Thomas",
    "address": "1400 Grand AvenueNewport, KY 41071-2570",
    "phone": "(859) 212-7700"
  },
  {
    "name": "Pulmonology - Williamstown",
    "address": "300 Barnes RoadWilliamstown, KY 41097-9483",
    "phone": "(859) 757-2927"
  },
  {
    "name": "Pulmonology/Critical Care - Edgewood",
    "address": "1 Medical Village DriveEdgewood, KY 41017-3403",
    "phone": "(859) 757-2927"
  },
  {
    "name": "Quality of Care - Edgewood",
    "address": "1 Medical Village DriveEdgewood, KY 41017",
    "phone": "(859) 301-2000"
  },
  {
    "name": "Radiation Oncology - Dearborn Cancer Center",
    "address": "17525 Greendale Plaza DriveGreendale, IN 47025-8299",
    "phone": "(859) 301-2238"
  },
  {
    "name": "Radiation Oncology - Edgewood Cancer Center",
    "address": "1 Medical Village DriveEdgewood, KY 41017-3403",
    "phone": "(859) 301-2238"
  },
  {
    "name": "Radiation Oncology- Ft. Thomas",
    "address": "85 North Grand AvenueFt. Thomas, KY 41075-1793",
    "phone": "(859) 572-3298"
  },
  {
    "name": "Regional Diabetes Center - Covington",
    "address": "1500 James Simpson Jr WayCovington, KY 41011-0801",
    "phone": "(859) 655-8910"
  },
  {
    "name": "Regional Diabetes Center - Crittenden",
    "address": "405 Violet RoadCrittenden, KY 41030-8956",
    "phone": "(859) 655-8910"
  },
  {
    "name": "Regional Diabetes Center - Florence 7388 Turfway",
    "address": "7388 Turfway RoadFlorence, KY 41042-1381",
    "phone": "(859) 655-8910"
  },
  {
    "name": "Regional Diabetes Center - Greendale",
    "address": "1640 Flossie DriveGreendale, IN 47025-8424",
    "phone": "(859) 655-8910"
  },
  {
    "name": "Regional Diabetes Center - Williamstown",
    "address": "300 Barnes RoadWilliamstown, KY 41097-9483",
    "phone": "(859) 655-8910"
  },
  {
    "name": "Respiratory Care - Covington",
    "address": "1500 James Simpson, Jr. WayCovington, KY 41011",
    "phone": "(859) 655-8800"
  },
  {
    "name": "Respiratory Care - Edgewood",
    "address": "1 Medical Village DriveEdgewood, KY 41017",
    "phone": "(859) 301-2178"
  },
  {
    "name": "Respiratory Care - Florence",
    "address": "4900 Houston RoadFlorence, KY 41042",
    "phone": "(859) 212-5470"
  },
  {
    "name": "Respiratory Care - Ft. Thomas",
    "address": "85 N. Grand AvenueFt. Thomas, KY 41075",
    "phone": "(859) 572-3118"
  },
  {
    "name": "Respiratory Care - Grant",
    "address": "238 Barnes RoadWilliamstown, KY 41097",
    "phone": "(859) 824-8207"
  },
  {
    "name": "Rheumatology & Neurology EDG Florence",
    "address": "7370 Turfway RoadFlorence, KY 41042 - 4896",
    "phone": "(859) 344-1900"
  },
  {
    "name": "Rheumatology - Crestview Hills Suite 201",
    "address": "651 Centre View BoulevardCrestview Hills, KY 41017-5423",
    "phone": "(859) 344-1900"
  },
  {
    "name": "Rheumatology - Greendale",
    "address": "1640 Flossie DriveGreendale, IN 47025-8424",
    "phone": "(859) 344-1900"
  },
  {
    "name": "Rheumatology - Newport/Ft. Thomas",
    "address": "1400 Grand AvenueNewport, KY 41071-2570",
    "phone": "(859) 344-1900"
  },
  {
    "name": "Rheumatology - Williamstown",
    "address": "300 Barnes RoadWilliamstown, KY 41097-9483",
    "phone": "(859) 344-1900"
  },
  {
    "name": "SEH Medical Affairs Office",
    "address": "1 Medical Village DriveEdgewood, KY 41017-3403",
    "phone": "(859) 301-2115"
  },
  {
    "name": "Same Day Surgery - Crestview Hills",
    "address": "2845 Chancellor DriveCrestview Hills, KY 41017-3418",
    "phone": "(859) 301-6748"
  },
  {
    "name": "Same Day Surgery - Edgewood",
    "address": "1 Medical Village DriveEdgewood, KY 41017-3403",
    "phone": "(859) 301-5650"
  },
  {
    "name": "Same Day Surgery - Edgewood South Loop",
    "address": "580 South Loop RoadEdgewood, KY 41017-3415",
    "phone": "(859) 301-6099"
  },
  {
    "name": "Same Day Surgery - Florence",
    "address": "4900 Houston RoadFlorence, KY 41042-4824",
    "phone": "(859) 212-5478"
  },
  {
    "name": "Same Day Surgery - Ft. Thomas",
    "address": "85 North Grand AvenueFt. Thomas, KY 41075-1793",
    "phone": "(859) 572-3366"
  },
  {
    "name": "Sleep Medicine - Crestview Hills",
    "address": "651 Centre View BoulevardCrestview Hills, KY 41017-5423",
    "phone": "(859) 301-9140"
  },
  {
    "name": "Sleep Medicine - Grant",
    "address": "238 Barnes RoadWilliamstown, KY 41097-9482",
    "phone": "(859) 301-9140"
  },
  {
    "name": "Sleep Medicine - Lawrenceburg",
    "address": "606 Wilson Creek RoadLawrenceburg, IN 47025-1095",
    "phone": "(812) 496-8779"
  },
  {
    "name": "Sleep Medicine - Newport/Ft. Thomas",
    "address": "1400 Grand AvenueNewport, KY 41071-2570",
    "phone": "(859) 301-9140"
  },
  {
    "name": "Speech Pathology - Dearborn",
    "address": "600 Wilson Creek RoadLawrenceburg, IN 47025",
    "phone": "(812) 496-8790"
  },
  {
    "name": "Speech Pathology - Edgewood",
    "address": "20 Medical Village Dr., Suite 354Edgewood, KY 41017",
    "phone": "(859) 301-5740"
  },
  {
    "name": "Speech Pathology - Florence",
    "address": "4900 Houston RoadFlorence, KY 41042",
    "phone": "(859) 212-5400"
  },
  {
    "name": "Speech Pathology - Ft. Thomas",
    "address": "85 North Grand AvenueFt. Thomas, KY 41075",
    "phone": "(859) 572-3120"
  },
  {
    "name": "Spine Center - Florence",
    "address": "4900 Houston RoadFlorence, KY 41042-4824",
    "phone": "(859) 212-7000"
  },
  {
    "name": "Spine Center - Greendale",
    "address": "1640 Flossie DriveGreendale, IN 47025-8424",
    "phone": "(859) 212-7000"
  },
  {
    "name": "Spine Center - Highland Heights",
    "address": "2626 Alexandria PikeHighland Heights, KY 41076-1530",
    "phone": "(859) 212-7000"
  },
  {
    "name": "Sports Medicine - Bright",
    "address": "1940 Jamison DriveLawrenceburg, IN 47025",
    "phone": "(812) 496-8791"
  },
  {
    "name": "Sports Medicine - Dearborn",
    "address": "600 Wilson Creek RoadLawrenceburg, IN 47025",
    "phone": "(812) 496-8790"
  },
  {
    "name": "Sports Medicine - Wilder Town & Country Sports",
    "address": "106 Crossing Dr.Wilder, KY 41076",
    "phone": "(859) 572-2360"
  },
  {
    "name": "Sports Medicine- Griffin",
    "address": "700 Dolwick DriveErlanger, KY 41018-3231",
    "phone": "(859) 212-5600"
  },
  {
    "name": "Sports Medicine- Mt. Zion",
    "address": "10095 Investment WayFlorence, KY 41042-4798",
    "phone": "(859) 301-9070"
  },
  {
    "name": "St. Elizabeth Healthcare  --  Dolwick",
    "address": "1360 Dolwick Dr.Erlanger, KY 41018",
    "phone": "(859) 301-2000"
  },
  {
    "name": "St. Elizabeth Healthcare - EMG/NCV - Crestview Hills",
    "address": "2670 Chancellor Dr.Crestview Hills, KY 41017",
    "phone": "(859) 212-0009"
  },
  {
    "name": "St. Elizabeth Healthcare - EMG/NCV - Florence",
    "address": "4900 Houston Rd.Florence, KY 41042",
    "phone": "(859) 212-5400"
  },
  {
    "name": "St. Elizabeth Healthcare - EMG/NCV - Newport",
    "address": "1400 N Grand AveNewport, KY 41071",
    "phone": "(859) 578-5369"
  },
  {
    "name": "St. Elizabeth Healthcare Business Health Mineola Clinic",
    "address": "4123 Olympic Boulevard Suite 151Erlanger, KY 41018-3508",
    "phone": "(859) 301-2999"
  },
  {
    "name": "St. Elizabeth Healthcare Covington Hospital",
    "address": "1500 James Simpson Jr. WayCovington, KY 41011",
    "phone": "(859) 655-8800"
  },
  {
    "name": "St. Elizabeth Healthcare Dearborn Hospital",
    "address": "600 Wilson Creek Rd.Lawrenceburg, IN 47025",
    "phone": "(812) 496-7000"
  },
  {
    "name": "St. Elizabeth Healthcare Edgewood - Pastoral Care Department",
    "address": "1 Medical Village DriveEdgewood, KY 41017",
    "phone": "(859) 301-2190"
  },
  {
    "name": "St. Elizabeth Healthcare Edgewood Hospital",
    "address": "1 Medical Village Dr.Edgewood, KY 41017",
    "phone": "(859) 301-2000"
  },
  {
    "name": "St. Elizabeth Healthcare Edgewood Skilled Nursing Facility",
    "address": "1 Medical Village Dr.Edgewood, KY 41017",
    "phone": "(859) 301-9980"
  },
  {
    "name": "St. Elizabeth Healthcare Emergency Department - Covington",
    "address": "1500 James Simpson, Jr. WayCovington, KY 41011",
    "phone": "(859) 655-4353"
  },
  {
    "name": "St. Elizabeth Healthcare Emergency Department - Dearborn",
    "address": "600 Wilson Creek Rd.Lawrenceburg, IN 47025",
    "phone": "(812) 496-7500"
  },
  {
    "name": "St. Elizabeth Healthcare Emergency Department - Edgewood",
    "address": "1 Medical Village DriveEdgewood, KY 41017",
    "phone": "(859) 301-2250"
  },
  {
    "name": "St. Elizabeth Healthcare Emergency Department - Florence",
    "address": "4900 Houston RoadFlorence, KY 41042",
    "phone": "(859) 212-5441"
  },
  {
    "name": "St. Elizabeth Healthcare Emergency Department - Ft. Thomas",
    "address": "85 N. Grand AvenueFt. Thomas, KY 41075",
    "phone": ""
  },
  {
    "name": "St. Elizabeth Healthcare Emergency Department - Grant",
    "address": "238 Barnes RoadWilliamstown, KY 41097",
    "phone": "(859) 824-8114"
  },
  {
    "name": "St. Elizabeth Healthcare Florence Hospital",
    "address": "4900 Houston Rd.Florence, KY 41042",
    "phone": "(859) 212-5200"
  },
  {
    "name": "St. Elizabeth Healthcare Ft. Thomas (Obstetrical Ultrasound and Perinatal Testing ONLY)",
    "address": "85 N. Grand AvenueFt. Thomas, KY 41075-1793",
    "phone": "(859) 572-3100"
  },
  {
    "name": "St. Elizabeth Healthcare Ft. Thomas Hospital",
    "address": "85 N. Grand Ave.Ft. Thomas, KY 41075",
    "phone": "(859) 572-3100"
  },
  {
    "name": "St. Elizabeth Healthcare Ft. Thomas Skilled Nursing Facility",
    "address": "85 N. Grand AvenueFt. Thomas, KY 41075",
    "phone": "(859) 572-2350"
  },
  {
    "name": "St. Elizabeth Healthcare Grant Hospital",
    "address": "238 Barnes Rd.Williamstown, KY 41097",
    "phone": "(859) 824-8240"
  },
  {
    "name": "St. Elizabeth Healthcare Grant Skilled Nursing Facility",
    "address": "238 Barnes Rd.Williamstown, KY 41097",
    "phone": "(859) 824-8240"
  },
  {
    "name": "St. Elizabeth Healthcare Health Ministries",
    "address": "85 North Grand Ave.Ft. Thomas, KY 41075",
    "phone": "(859) 655-6749"
  },
  {
    "name": "St. Elizabeth Healthcare Human Resources",
    "address": "1360 Dolwick Dr.  Suite 105Erlanger, KY 41018",
    "phone": "(859) 301-2150"
  },
  {
    "name": "St. Elizabeth Healthcare Specialty Pharmacy",
    "address": "850 Thomas More ParkwayEdgewood, KY 41017",
    "phone": "(859) 301-4525"
  },
  {
    "name": "St. Elizabeth Healthcare Training and Education Center (SETEC)",
    "address": "3861 Olympic BlvdErlanger, KY 41018",
    "phone": "(859) 655-1600"
  },
  {
    "name": "Stroke Services - Edgewood",
    "address": "1 Medical Village DriveEdgewood, KY 41017",
    "phone": "(859) 301-2000"
  },
  {
    "name": "Structural Heart & Valve Center - Edgewood",
    "address": "1 Medical Village DriveEdgewood, KY 41017-3403",
    "phone": "(859) 301-8287"
  },
  {
    "name": "Structural Heart & Valve Center - Edgewood Heart & Vascular Institute",
    "address": "711 Medical Village DriveEdgewood, KY 41017-3439",
    "phone": "(859) 301-8287"
  },
  {
    "name": "Surgical Oncology - Edgewood Cancer Center",
    "address": "1 Medical Village DriveEdgewood, KY 41017-3403",
    "phone": "(859) 301-4186"
  },
  {
    "name": "Thoracic Surgeons- Edgewood Cancer Center",
    "address": "1 Medical Village DriveEdgewood, KY 41017-3403",
    "phone": "(859) 301-2465"
  },
  {
    "name": "Total Joint Center",
    "address": "1 Medical Village Dr.Edgewood, KY 41017",
    "phone": "(859) 301-0405"
  },
  {
    "name": "Urgent Care - Crittenden",
    "address": "405 Violet RoadCrittenden, KY 41030-8956",
    "phone": "(859) 903-0268"
  },
  {
    "name": "Urgent Care - Florence",
    "address": "8726 US Highway 42Florence, KY 41042-8550",
    "phone": "(859) 647-2900"
  },
  {
    "name": "Urgent Care - Greendale",
    "address": "1640 Flossie DriveGreendale, IN 47025-8424",
    "phone": "(812) 496-3285"
  },
  {
    "name": "Urgent Care - Highland Heights",
    "address": "2626 Alexandria PikeHighland Heights, KY 41076-1530",
    "phone": "(859) 757-0434"
  },
  {
    "name": "Urgent Care - Newport/Ft. Thomas",
    "address": "1400 Grand AvenueNewport, KY 41071-2570",
    "phone": "(859) 905-3070"
  },
  {
    "name": "Urgent Care - Union Richwood",
    "address": "605 Man O War BoulevardUnion, KY 41091-2007",
    "phone": "(859) 578-5669"
  },
  {
    "name": "Urogynecology - Edgewood 610 Medical",
    "address": "610 Medical Village DriveEdgewood, KY 41017-3416",
    "phone": "(859) 757-2132"
  },
  {
    "name": "Urogynecology - Greendale",
    "address": "1640 Flossie DriveGreendale, IN 47025-8424",
    "phone": "(859) 757-2132"
  },
  {
    "name": "Urology - Florence Turfway",
    "address": "7370 Turfway RoadFlorence, KY 41042-4896",
    "phone": "(859) 212-0497"
  },
  {
    "name": "Urology - Newport/Ft. Thomas",
    "address": "1400 Grand AvenueNewport, KY 41071-2570",
    "phone": "(859) 212-0497"
  },
  {
    "name": "Urology- Lawrenceburg Bielby",
    "address": "368 Bielby RoadLawrenceburg, IN 47025-1099",
    "phone": "(859) 212-0497"
  },
  {
    "name": "Vascular Imaging Center - Edgewood",
    "address": "20 Medical Village Dr.Edgewood, KY 41017",
    "phone": "(859) 301-5663"
  },
  {
    "name": "Vascular Surgery - Covington",
    "address": "1500 James Simpson Jr WayCovington, KY 41011-0801",
    "phone": "(859) 344-1600"
  },
  {
    "name": "Vascular Surgery - Edgewood",
    "address": "1 Medical Village DriveEdgewood, KY 41017-3403",
    "phone": "(859) 344-1600"
  },
  {
    "name": "Vascular Surgery - Edgewood Suite 254",
    "address": "20 Medical Village DriveEdgewood, KY 41017-5401",
    "phone": "(859) 344-1600"
  },
  {
    "name": "Vascular Surgery - Florence",
    "address": "4900 Houston RoadFlorence, KY 41042-4824",
    "phone": "(859) 344-1600"
  },
  {
    "name": "Vascular Surgery - Ft. Thomas",
    "address": "85 North Grand AvenueFt. Thomas, KY 41075-1793",
    "phone": "(859) 344-1600"
  },
  {
    "name": "Vascular Surgery - Lawrenceburg",
    "address": "368 Bielby RoadLawrenceburg, IN 47025-1099",
    "phone": "(812) 496-8771"
  },
  {
    "name": "Vascular Surgery - Newport",
    "address": "1400 Grand AvenueNewport, KY 41071-2570",
    "phone": "(859) 441-3818"
  },
  {
    "name": "Virtual Health Center- Dolwick",
    "address": "1360 Dolwick DriveErlanger, KY 41018-3127",
    "phone": "(800) 737-7900"
  },
  {
    "name": "Volunteer Services - Covington",
    "address": "1500 James Simpson, Jr. WayCovington, KY 41011",
    "phone": "(859) 301-2140"
  },
  {
    "name": "Volunteer Services - Edgewood",
    "address": "1 Medical Village DriveEdgewood, KY 41017",
    "phone": "(859) 301-2140"
  },
  {
    "name": "Volunteer Services - Florence",
    "address": "4900 Houston RoadFlorence, KY 41042",
    "phone": "(859) 212-5375"
  },
  {
    "name": "Volunteer Services - Ft. Thomas",
    "address": "85 N. Grand AvenueFt. Thomas, KY 41075",
    "phone": "(859) 572-3166"
  },
  {
    "name": "Volunteer Services - Grant",
    "address": "238 Barnes RoadWilliamstown, KY 41097",
    "phone": "(859) 301-2140"
  },
  {
    "name": "Weight Management - Florence",
    "address": "4900 Houston RoadFlorence, KY 41042-4824",
    "phone": "(859) 212-4625"
  },
  {
    "name": "Weight Management - Greendale",
    "address": "1640 Flossie DriveGreendale, IN 47025-8424",
    "phone": "(859) 212-4625"
  },
  {
    "name": "Weight Management - Newport/Ft. Thomas",
    "address": "1400 Grand AvenueNewport, KY 41071-2570",
    "phone": "(859) 212-4625"
  },
  {
    "name": "Women's Health - Burlington",
    "address": "6105 1st Financial DriveBurlington, KY 41005-7892",
    "phone": "(859) 525-1846"
  },
  {
    "name": "Women's Health - Crestview Hills",
    "address": "351 Centre View BoulevardCrestview Hills, KY 41017-3477",
    "phone": "(859) 331-4665"
  },
  {
    "name": "Women's Health - Crittenden",
    "address": "405 Violet RoadCrittenden, KY 41030-8956",
    "phone": "(859) 331-4665"
  },
  {
    "name": "Women's Health - Edgewood 1 Medical Village",
    "address": "1 Medical Village DriveEdgewood, KY 41017-3403",
    "phone": "(859) 331-4665"
  },
  {
    "name": "Women's Health - Edgewood Suite 302",
    "address": "20 Medical Village DriveEdgewood, KY 41017-5401",
    "phone": "(859) 341-2510"
  },
  {
    "name": "Women's Health - Florence Turfway",
    "address": "7370 Turfway RoadFlorence, KY 41042-4896",
    "phone": "(859) 212-5125"
  },
  {
    "name": "Women's Health - Highland Heights",
    "address": "2626 Alexandria PikeHighland Heights, KY 41076-1530",
    "phone": "(859) 912-6500"
  },
  {
    "name": "Women's Health - Lawrenceburg Elm Street",
    "address": "98 Elm StreetLawrenceburg, IN 47025-2048",
    "phone": "(812) 496-8776"
  },
  {
    "name": "Women's Health - Newport/Ft. Thomas",
    "address": "1400 Grand AvenueNewport, KY 41071-2570",
    "phone": "(859) 781-6222"
  },
  {
    "name": "Women's Health - Union Richwood",
    "address": "605 Man O War BoulevardUnion, KY 41091-2007",
    "phone": "(859) 578-5667"
  },
  {
    "name": "Women's Health Center - Edgewood",
    "address": "600 Medical Village Dr.Edgewood, KY 41017",
    "phone": "(859) 301-6382"
  },
  {
    "name": "Wound Care - Covington",
    "address": "1500 James Simpson Jr WayCovington, KY 41011-0801",
    "phone": "(859) 655-1100"
  },
  {
    "name": "Wound Care - Dearborn",
    "address": "600 Wilson Creek RoadLawrenceburg, IN 47025-2751",
    "phone": "(812) 496-7730"
  },
  {
    "name": "Wound Care - Ft. Thomas",
    "address": "85 North Grand AvenueFt. Thomas, KY 41075-1793",
    "phone": "(859) 572-3830"
  },
  {
    "name": "Wound Care - Grant",
    "address": "238 Barnes RoadWilliamstown, KY 41097-9482",
    "phone": "(859) 655-1100"
  },
  {
    "name": "Yung Family Cancer Center - Edgewood",
    "address": "1 Medical Village DriveEdgewood, KY 41017",
    "phone": "(859) 301-2238"
  }
]