[
  {
    "name": "Carroll County Memorial Hospital – A Partner of UofL Health",
    "address": "309 11th Street, Carrollton, KY 41008",
    "phone": "502-732-3204"
  },
  {
    "name": "Emergency Psychiatry Services",
    "address": "UofL Health – UofL Hospital, 530 South Jackson Street, Louisville, KY 40202",
    "phone": "502-562-3120"
  },
  {
    "name": "GI Motility Clinic",
    "address": "UofL Health – Abraham Flexner Outpatient Center, 225 Abraham Flexner Way, Suite 502, Louisville, KY 40202",
    "phone": "502-588-7690"
  },
  {
    "name": "University of Louisville Dental Associates",
    "address": "501 South Preston Street, Suite 148, Louisville, KY 40202",
    "phone": "502-852-5401"
  },
  {
    "name": "UofL Health – Abraham Flexner Outpatient Center",
    "address": "225 Abraham Flexner Way, Louisville, KY 40202",
    "phone": "502-587-4698"
  },
  {
    "name": "UofL Health – Advanced Heart Failure Outreach Clinic – Madisonville",
    "address": "Baptist Health Deaconess Madisonville, Heart and Vascular Center, 800 Hospital Drive, Medical Park 1, 1st floor, Madisonville, KY 42431",
    "phone": "502-587-4384"
  },
  {
    "name": "UofL Health – Brown Cancer Center",
    "address": "Downtown, 529 South Jackson Street, Louisville, KY 40202",
    "phone": "502-562-4673"
  },
  {
    "name": "UofL Health – Brown Cancer Center – an Affiliate of Mary & Elizabeth Hospital",
    "address": "Bluegrass, 1460 Bluegrass Avenue, Louisville, KY 40215",
    "phone": "502-361-8496"
  },
  {
    "name": "UofL Health – Brown Cancer Center – Blood Cancer, Cellular Therapeutics and Transplant Program",
    "address": "UofL Health – Jackson Street Outpatient Center, 550 South Jackson Street, Louisville, KY 40202",
    "phone": "502-562-4543"
  },
  {
    "name": "UofL Health – Brown Cancer Center – Blood Cancer, Cellular Therapeutics and Transplant Program",
    "address": "UofL Health – Brown Cancer Center – Northeast, UofL Health – Medical Center Northeast, 2401 Terra Crossing Boulevard, Suite 200, Louisville, KY 40245",
    "phone": "502-562-4543"
  },
  {
    "name": "UofL Health – Brown Cancer Center – Breast Care Center",
    "address": "UofL Health – Brown Cancer Center – Downtown, 529 South Jackson Street, Louisville, KY 40202",
    "phone": "502-562-4361"
  },
  {
    "name": "UofL Health – Brown Cancer Center – Medical Center Northeast",
    "address": "Northeast, 2401 Terra Crossing Boulevard, Louisville, KY 40245",
    "phone": "502-562-4673"
  },
  {
    "name": "UofL Health – Brown Cancer Center – Medical Oncology",
    "address": "UofL Health – Brown Cancer Center – Northeast, UofL Health – Medical Center Northeast, 2401 Terra Crossing Boulevard, Suite 206, Louisville, KY 40245",
    "phone": "502-562-4370"
  },
  {
    "name": "UofL Health – Brown Cancer Center – Neuro-Oncology",
    "address": "UofL Health – Brown Cancer Center – Downtown, 529 South Jackson Street, Louisville, KY 40202",
    "phone": "502-588-2160"
  },
  {
    "name": "UofL Health – Brown Cancer Center – Radiation Oncology",
    "address": "UofL Health – Brown Cancer Center – Northeast, UofL Health – Medical Center Northeast, 2401 Terra Crossing Boulevard, Suite 102, Louisville, KY 40245",
    "phone": "502-815-7304"
  },
  {
    "name": "UofL Health – Brown Cancer Center – Radiation Oncology",
    "address": "UofL Health – Brown Cancer Center – Downtown, 529 South Jackson Street, Lower Level, Louisville, KY 40202",
    "phone": "502-562-4360"
  },
  {
    "name": "UofL Health – Cardiac Rehab",
    "address": "UofL Health – Shelbyville Hospital, 727 Hospital Drive, Shelbyville, KY 40065",
    "phone": "502-647-4280"
  },
  {
    "name": "UofL Health – Cardiopulmonary Rehab",
    "address": "UofL Health – Medical Center Northeast, 2401 Terra Crossing Boulevard, Suite 301, Louisville, KY 40245",
    "phone": "502-210-4520"
  },
  {
    "name": "UofL Health – Cardiopulmonary Rehab",
    "address": "UofL Health – Jewish Hospital, 200 Abraham Flexner Way, Louisville, KY 40202",
    "phone": "502-587-4220"
  },
  {
    "name": "UofL Health – Cardiopulmonary Rehab",
    "address": "UofL Health – Mary & Elizabeth Hospital, Medical Plaza 2, 1900 Bluegrass Avenue, Suite 201, Louisville, KY 40215",
    "phone": "502-361-6738"
  },
  {
    "name": "UofL Health – Center for Women’s Health",
    "address": "UofL Health – Mary & Elizabeth Hospital, Medical Plaza 3, 4500 Churchman Avenue, Louisville, KY 40215",
    "phone": "502-977-5907"
  },
  {
    "name": "UofL Health – Chestnut Street Outpatient Center",
    "address": "401 East Chestnut Street, Louisville, KY 40202, 5:30 a.m.-6:30 p.m.",
    "phone": "502-588-4600"
  },
  {
    "name": "UofL Health – Chestnut Street Outpatient Center – UofL Hospital Infusion Therapy Clinic",
    "address": "401 East Chestnut Street, Lower Level, Louisville, KY 40202, 8:30 a.m.-4:30 p.m.",
    "phone": "502-813-6072"
  },
  {
    "name": "UofL Health – Comprehensive Spine Center",
    "address": "UofL Health – Brain & Spine Institute, UofL Health – Medical Center Northeast, 2401 Terra Crossing Boulevard, Suite 350, Louisville, KY 40245",
    "phone": "502-588-2160"
  },
  {
    "name": "UofL Health – Diabetes and Nutrition Care",
    "address": "UofL Health – Medical Center Northeast, 2401 Terra Crossing Boulevard, Suite 301, Louisville, KY 40245",
    "phone": "502-587-4465"
  },
  {
    "name": "UofL Health – Eye Institute",
    "address": "Kentucky Lions Eye Center, 301 East Muhammad Ali Boulevard, Louisville, KY 40202",
    "phone": "502-588-0550"
  },
  {
    "name": "UofL Health – Frazier Rehabilitation Hospital – Brownsboro",
    "address": "5000 Chamberlain Lane, Louisville, KY 40241",
    "phone": "502-861-9600"
  },
  {
    "name": "UofL Health – Frazier Rehabilitation Institute",
    "address": "220 Abraham Flexner Way, Louisville, KY 40202",
    "phone": "502-582-7400"
  },
  {
    "name": "UofL Health – Frazier Rehabilitation Institute – Bullitt County",
    "address": "UofL Health – South Hospital, Medical Plaza 1, 1905 W. Hebron Lane, Suite 106, Shepherdsville, KY 40165",
    "phone": "502-955-7705"
  },
  {
    "name": "UofL Health – Frazier Rehabilitation Institute – Center for Advanced NeuroRehab – Brain Injury & Stroke Program",
    "address": "220 Abraham Flexner Way, Louisville, KY 40202",
    "phone": "502-560-8389"
  },
  {
    "name": "UofL Health – Frazier Rehabilitation Institute – Center for Advanced NeuroRehab – Spinal Cord Injury Program",
    "address": "220 Abraham Flexner Way, Louisville, KY 40202",
    "phone": "502-582-7415"
  },
  {
    "name": "UofL Health – Frazier Rehabilitation Institute – Community Fitness & Wellness",
    "address": "Medical Plaza II, 250 East Liberty Street, Louisville, KY 40202",
    "phone": "502-582-7411"
  },
  {
    "name": "UofL Health – Frazier Rehabilitation Institute – Jeffersontown",
    "address": "9553 Taylorsville Road, Louisville, KY 40299",
    "phone": "502-966-4466"
  },
  {
    "name": "UofL Health – Frazier Rehabilitation Institute – Kleinert Kutz Hand Therapy",
    "address": "Chamberlain Hand Therapy, 4642 Chamberlain Lane, Suite 203, Louisville, KY 40241",
    "phone": "502-562-0344"
  },
  {
    "name": "UofL Health – Frazier Rehabilitation Institute – Kleinert Kutz Hand Therapy",
    "address": "East Hand Therapy, 4010 Dupont Circle, Suite 308A, Louisville, KY 40207",
    "phone": "502-562-0334"
  },
  {
    "name": "UofL Health – Frazier Rehabilitation Institute – Kleinert Kutz Hand Therapy",
    "address": "Outpatient Care Hand Therapy, UofL Health – Abraham Flexner Outpatient Center, 225 Abraham Flexner Way, Suite 760, Louisville, KY 40202",
    "phone": "502-561-4295"
  },
  {
    "name": "UofL Health – Frazier Rehabilitation Institute – Kleinert Kutz Hand Therapy",
    "address": "New Albany Hand Therapy, 3605 Northgate Court, Suite 103, New Albany, IN 47150",
    "phone": "812-981-4735"
  },
  {
    "name": "UofL Health – Frazier Rehabilitation Institute – Mary & Elizabeth Hospital",
    "address": "UofL Health – Mary & Elizabeth Hospital, Medical Plaza 1, 4402 Churchman Avenue, Suite 106, Louisville, KY 40215",
    "phone": "502-363-7800"
  },
  {
    "name": "UofL Health – Frazier Rehabilitation Institute – Medical Center East",
    "address": "UofL Health – Medical Center East, 3920 Dutchmans Lane, Louisville, KY 40207",
    "phone": "502-259-6608"
  },
  {
    "name": "UofL Health – Frazier Rehabilitation Institute – Newburg",
    "address": "3430 Newburg Road, Suite 111, Louisville, KY 40218",
    "phone": "502-451-6886"
  },
  {
    "name": "UofL Health – Frazier Rehabilitation Institute – Northeast",
    "address": "UofL Health – Medical Center Northeast, 2401 Terra Crossing Boulevard, Suite 204, Louisville, KY 40245",
    "phone": "502-210-4500"
  },
  {
    "name": "UofL Health – Frazier Rehabilitation Institute – Owsley Brown Frazier Sports Medicine Center",
    "address": "UofL Health – Sports Medicine Institute, Cardinal Station, 215 Central Avenue, Suite 200, Louisville, KY 40208",
    "phone": "502-637-9313"
  },
  {
    "name": "UofL Health – Frazier Rehabilitation Institute – Shelbyville Hospital",
    "address": "727 Hospital Drive, Shelbyville, KY 40065",
    "phone": "502-582-7406"
  },
  {
    "name": "UofL Health – Frazier Rehabilitation Institute – Southern Indiana YMCA",
    "address": "Jeffersonville YMCA, 4812 Hamburg Pike, Jeffersonville, IN 47131",
    "phone": "812-282-4257"
  },
  {
    "name": "UofL Health – Frazier Rehabilitation Institute – Southwest",
    "address": "UofL Health – Medical Center Southend, 5129 Dixie Highway, Suite 303, Louisville, KY 40216",
    "phone": "502-937-2288"
  },
  {
    "name": "UofL Health – Frazier Rehabilitation Institute – Sports Medicine",
    "address": "UofL Health – Rudd Center, 201 Abraham Flexner Way, Suite 102, Louisville, KY 40202",
    "phone": "502-560-8300"
  },
  {
    "name": "UofL Health – Frazier Rehabilitation Institute – Springhurst",
    "address": "4801 Olympia Park Plaza, Suite 1600, Louisville, KY 40241",
    "phone": "502-426-3353"
  },
  {
    "name": "UofL Health – Frazier Rehabilitation Institute – Stonestreet",
    "address": "UofL Health – Medical Center Southwest, 9700 Stonestreet Road, Louisville, KY 40272",
    "phone": "502-995-2415"
  },
  {
    "name": "UofL Health – Frazier Rehabilitation Institute – Trager",
    "address": "UofL Trager Institute/Optimal Aging Clinic Republic Bank Foundation, 204 East Market Street, Suite 103, Louisville, KY 40202",
    "phone": "502-815-7900"
  },
  {
    "name": "UofL Health – Heart Hospital, A Part of Jewish Hospital",
    "address": "UofL Health – Rudd Center, 201 Abraham Flexner Way, Louisville, KY 40202",
    "phone": "502-587-4000"
  },
  {
    "name": "UofL Health – Hep C Center",
    "address": "UofL Health – UofL Hospital – Multi-Specialty Clinic, UofL Health – Chestnut Street Outpatient Center, 401 East Chestnut Street, Suite 550, Louisville, KY 40202",
    "phone": "502-588-0425"
  },
  {
    "name": "UofL Health – Jackson Street Outpatient Center",
    "address": "550 South Jackson Street, Louisville, KY 40202",
    "phone": "502-588-6000"
  },
  {
    "name": "UofL Health – Jewish Hospital",
    "address": "200 Abraham Flexner Way, Louisville, KY 40202",
    "phone": "502-587-4011"
  },
  {
    "name": "UofL Health – Jewish Hospital Emergency Room",
    "address": "200 Abraham Flexner Way, Louisville, KY 40202",
    "phone": "502-587-4421"
  },
  {
    "name": "UofL Health – Kidney Transplant Outreach Clinic – Bowling Green",
    "address": "1834 Lyda Avenue, Bowling Green, KY 42104",
    "phone": "502-587-4358"
  },
  {
    "name": "UofL Health – Kidney Transplant Outreach Clinic – Henderson",
    "address": "1200 Barrett Boulevard, Henderson, KY 42420",
    "phone": "502-587-4358"
  },
  {
    "name": "UofL Health – Kleinert Kutz Surgery Center",
    "address": "New Albany Office, 3605 Northgate Court, Suite 101, New Albany, IN 47150, 7:00 a.m.-4:30 p.m. Monday-Friday",
    "phone": "812-981-4747"
  },
  {
    "name": "UofL Health – Mary & Elizabeth Hospital – Infusion Therapy Clinic",
    "address": "1850 Bluegrass Avenue, Louisville, KY 40215, 7:30 a.m.-4:30 p.m",
    "phone": "502-361-6044"
  },
  {
    "name": "UofL Health – Mary & Elizabeth Hospital – Outpatient Lab",
    "address": "1850 Bluegrass Avenue, Louisville, KY 40215",
    "phone": "502-361-6497"
  },
  {
    "name": "UofL Health – Mary & Elizabeth Hospital Inpatient Medical Psychiatric and Medical Detox Unit",
    "address": "UofL Health – Mary & Elizabeth Hospital, 1850 Bluegrass Avenue, Suite 3C, Louisville, KY 40215",
    "phone": "502-361-6778"
  },
  {
    "name": "UofL Health – Mary & Elizabeth Hospital",
    "address": "1850 Bluegrass Avenue, Louisville, KY 40215",
    "phone": "502-361-6000"
  },
  {
    "name": "UofL Health – Mary & Elizabeth Hospital Emergency Room",
    "address": "1850 Bluegrass Avenue, Louisville, KY 40215",
    "phone": "502-361-6391"
  },
  {
    "name": "UofL Health – Medical Center East",
    "address": "3920 Dutchmans Lane, Louisville, KY 40207",
    "phone": "502-259-6000"
  },
  {
    "name": "UofL Health – Medical Center East – Breast Imaging Center",
    "address": "3920 Dutchmans Lane, Louisville, KY 40207",
    "phone": "502-681-1405"
  },
  {
    "name": "UofL Health – Medical Center East – Infusion Therapy Clinic",
    "address": "3920 Dutchmans Lane, Louisville, KY 40207, 7:30 a.m.-4 p.m.",
    "phone": "502-681-1405"
  },
  {
    "name": "UofL Health – Medical Center East Emergency Room",
    "address": "3920 Dutchmans Lane, Louisville, KY 40207",
    "phone": "502-259-6000"
  },
  {
    "name": "UofL Health – Medical Center Northeast",
    "address": "2401 Terra Crossing Boulevard, Louisville, KY 40245",
    "phone": "502-210-4200"
  },
  {
    "name": "UofL Health – Medical Center Northeast – Breast Care Center",
    "address": "UofL Health – Brown Cancer Center – Northeast, 2401 Terra Crossing Boulevard, Louisville, KY 40245",
    "phone": "502-210-4321"
  },
  {
    "name": "UofL Health – Medical Center Northeast – Infusion Therapy Clinic",
    "address": "UofL Health – Brown Cancer Center – Northeast, 2401 Terra Crossing Boulevard, Louisville, KY 40245",
    "phone": "502-562-4673"
  },
  {
    "name": "UofL Health – Medical Center Southend",
    "address": "5129 Dixie Highway, Louisville, KY 40216",
    "phone": "502-447-3242"
  },
  {
    "name": "UofL Health – Medical Center Southwest",
    "address": "9700 Stonestreet Road, Louisville, KY 40272",
    "phone": "502-995-2400"
  },
  {
    "name": "UofL Health – Medical Center Southwest Emergency Room",
    "address": "9700 Stonestreet Road, Louisville, KY 40272",
    "phone": "502-995-2450"
  },
  {
    "name": "UofL Health – Peace Hospital",
    "address": "2020 Newburg Road, Louisville, KY 40205",
    "phone": "502-451-3330"
  },
  {
    "name": "UofL Health – Peace Hospital Adult Outpatient Center",
    "address": "UofL Health – Peace Hospital, 4414 Churchman Avenue, Louisville, KY 40215",
    "phone": "502-363-7900"
  },
  {
    "name": "UofL Health – Pulmonary Hypertension Clinic",
    "address": "UofL Health – Chestnut Street Outpatient Center, 401 East Chestnut Street, Suite 310, Louisville, KY 40202",
    "phone": "502-588-4710"
  },
  {
    "name": "UofL Health – Reflux, Swallowing and Hernia Center",
    "address": "UofL Health – Chestnut Street Outpatient Center, 401 East Chestnut Street, Suite 710, Louisville, KY 40202",
    "phone": "502-588-4571"
  },
  {
    "name": "UofL Health – Rudd Center",
    "address": "201 Abraham Flexner Way, Louisville, KY 40202",
    "phone": "502-588-7600"
  },
  {
    "name": "UofL Health – Shelbyville Hospital",
    "address": "727 Hospital Drive, Shelbyville, KY 40065",
    "phone": "502-647-4000"
  },
  {
    "name": "UofL Health – Shelbyville Hospital Emergency Room",
    "address": "727 Hospital Drive, Shelbyville, KY 40065",
    "phone": "502-647-4000"
  },
  {
    "name": "UofL Health – Sleep Center",
    "address": "UofL Health – Shelbyville Hospital, 727 Hospital Drive, Shelbyville, KY 40065",
    "phone": "502-647-4276"
  },
  {
    "name": "UofL Health – Sleep Center",
    "address": "UofL Health – Medical Center East, 3920 Dutchmans Lane, 1st Floor, Louisville, KY 40207",
    "phone": "502-259-6307"
  },
  {
    "name": "UofL Health – South Hospital",
    "address": "1903 West Hebron Lane, Shepherdsville, KY 40165",
    "phone": "502-955-3000"
  },
  {
    "name": "UofL Health – South Hospital Emergency Room",
    "address": "1903 West Hebron Lane, Shepherdsville, KY 40165",
    "phone": "502-955-3000"
  },
  {
    "name": "UofL Health – Sports Medicine Institute",
    "address": "Cardinal Station, 215 Central Avenue, Louisville, KY 40208",
    "phone": "502-637-7678"
  },
  {
    "name": "UofL Health – Sports Medicine Urgent Care",
    "address": "UofL Health – Medical Center Southend, 5129 Dixie Highway, Suite 105, Louisville, KY 40216, 5-8 p.m. Monday-Friday",
    "phone": "502-588-4814"
  },
  {
    "name": "UofL Health – Sports Medicine Urgent Care",
    "address": "UofL Health – Medical Center Northeast, 2401 Terra Crossing Boulevard, Suite 101, Louisville, KY 40245, 5-8 p.m. Monday-Friday | 9 a.m.-noon Saturday",
    "phone": "502-210-4602"
  },
  {
    "name": "UofL Health – Trager Transplant Center",
    "address": "UofL Health – Frazier Rehabilitation Institute, 220 Abraham Flexner Way, 3rd Floor, Louisville, KY 40202",
    "phone": "502-587-4939"
  },
  {
    "name": "UofL Health – UofL Hospital",
    "address": "530 South Jackson Street, Louisville, KY 40202",
    "phone": "502-562-3000"
  },
  {
    "name": "UofL Health – UofL Hospital – Advanced Bariatrics and Medical Weight Management",
    "address": "UofL Health – UofL Hospital – Advanced Bariatrics & Medical Weight Management Clinic, UofL Health – Chestnut Street Outpatient Center, 401 E. Chestnut Street, Suite 180, Louisville, KY 40202",
    "phone": "502-588-4790"
  },
  {
    "name": "UofL Health – UofL Hospital – Bone Health Clinic",
    "address": "UofL Health – UofL Hospital – Multi-Specialty Clinic, UofL Health – Chestnut Street Outpatient Center, 401 East Chestnut Street, Suite 550, Louisville, KY 40202",
    "phone": "502-588-0425"
  },
  {
    "name": "UofL Health – UofL Hospital – Burn Clinic",
    "address": "UofL Health – UofL Hospital – Multi-Specialty Clinic, UofL Health – Chestnut Street Outpatient Center, 401 East Chestnut Street, Suite 550, Louisville, KY 40202",
    "phone": "502-588-0425"
  },
  {
    "name": "UofL Health – UofL Hospital – Cystic Fibrosis Clinic",
    "address": "401 East Chestnut Street, Suite 480, Louisville, KY 40202",
    "phone": "502-217-1702"
  },
  {
    "name": "UofL Health – UofL Hospital – Inflammatory Bowel Disease",
    "address": "UofL Health – UofL Hospital – Multi-Specialty Clinic, UofL Health – Chestnut Street Outpatient Center, 401 East Chestnut Street, Suite 550, Louisville, KY 40202",
    "phone": "502-588-0425"
  },
  {
    "name": "UofL Health – UofL Hospital – Interstitial Lung Disease/Pulmonary Fibrosis Clinic",
    "address": "UofL Health – Chestnut Street Outpatient Center, 401 East Chestnut Street, Suite 480, Louisville, KY 40202",
    "phone": "502-217-1702"
  },
  {
    "name": "UofL Health – UofL Hospital – Multi-Specialty Clinic",
    "address": "UofL Health – Chestnut Street Outpatient Center, 401 East Chestnut Street, Suite 550, Louisville, KY 40202",
    "phone": "502-588-0425"
  },
  {
    "name": "UofL Health – UofL Hospital – Outpatient Rehab",
    "address": "UofL Health – Chestnut Street Outpatient Center, 401 East Chestnut Street, Suite 270, Louisville, KY 40202",
    "phone": "502-562-3457"
  },
  {
    "name": "UofL Health – UofL Hospital – Rheumatology",
    "address": "UofL Health – UofL Hospital – Multi-Specialty Clinic, UofL Health – Chestnut Street Outpatient Center, 401 East Chestnut Street, Suite 550, Louisville, KY 40202",
    "phone": "502-588-0425"
  },
  {
    "name": "UofL Health – UofL Hospital Emergency Room",
    "address": "530 South Jackson Street, Louisville, KY 40202",
    "phone": "502-562-3015"
  },
  {
    "name": "UofL Health – Urgent Care Plus – Buechel",
    "address": "4423 Bardstown Road, Louisville, KY 40218",
    "phone": "502-749-7909"
  },
  {
    "name": "UofL Health – Urgent Care Plus – Cedar Grove",
    "address": "1707 Cedar Grove Road, Suite 10, Shepherdsville, KY 40165, Urgent Care: 502-815-7890 | Occupational Medicine: 502-543-3246",
    "phone": ""
  },
  {
    "name": "UofL Health – Urgent Care Plus – Hurstbourne Corners",
    "address": "9409 Shelbyville Road, Suite 104, Louisville, KY 40222",
    "phone": "502-588-0740"
  },
  {
    "name": "UofL Health – Urgent Care Plus – Medical Center Northeast",
    "address": "2401 Terra Crossing Boulevard, Suite 100, Louisville, KY 40245",
    "phone": "502-588-0746"
  },
  {
    "name": "UofL Health – Urgent Care Plus – Medical Center Southend",
    "address": "UofL Health – Medical Center Southend, 5129 Dixie Highway, Suite 102, Louisville, KY 40216",
    "phone": "502-588-0410"
  },
  {
    "name": "UofL Health – Urgent Care Plus – Parkland",
    "address": "2746 Virginia Avenue, Louisville, KY 40211",
    "phone": "502-815-7040"
  },
  {
    "name": "UofL Health – Urgent Care Plus – Taylorsville",
    "address": "847 Taylorsville Road, Taylorsville, KY 40071",
    "phone": "502-588-8705"
  },
  {
    "name": "UofL Health – Women’s Center",
    "address": "UofL Health – Mary & Elizabeth Hospital, Medical Plaza 1, 4402 Churchman Avenue, Suite 101, Louisville, KY 40215, Office: 502-361-6758 | Scheduling: 502-681-1405",
    "phone": ""
  },
  {
    "name": "UofL Health – Wound Care",
    "address": "UofL Health – Shelbyville Hospital, 727 Hospital Drive, Shelbyville, KY 40065",
    "phone": "502-647-4050"
  },
  {
    "name": "UofL Health – Wound Care",
    "address": "UofL Health – Rudd Center, 201 Abraham Flexner Way, 6th Floor, Louisville, KY 40202",
    "phone": "502-561-3918"
  },
  {
    "name": "UofL Health – Wound Care and Hyperbaric Medicine",
    "address": "UofL Health – Mary & Elizabeth Hospital, Medical Plaza 1, 4402 Churchman Avenue, Suite 102, Louisville, KY 40215",
    "phone": "502-992-7689"
  },
  {
    "name": "UofL Physicians – Advanced Heart Failure Therapies, VAD & Heart Transplant",
    "address": "UofL Health – Heart Hospital, at Jewish Hospital, UofL Health – Rudd Center, 201 Abraham Flexner Way, Suite 1001, Louisville, KY 40202",
    "phone": "502-587-2883"
  },
  {
    "name": "UofL Physicians – Anesthesiology",
    "address": "UofL Health – Jewish Hospital, 200 Abraham Flexner Way, Louisville, KY 40202",
    "phone": "502-569-7983"
  },
  {
    "name": "UofL Physicians – Anesthesiology",
    "address": "UofL Health – Mary & Elizabeth Hospital, 1850 Bluegrass Avenue, Louisville, KY 40215",
    "phone": "502-361-6000"
  },
  {
    "name": "UofL Physicians – Anesthesiology",
    "address": "UofL Health – UofL Hospital, 530 South Jackson Street, Louisville, KY 40202",
    "phone": "502-562-3000"
  },
  {
    "name": "UofL Physicians – Anesthesiology Associates",
    "address": "UofL Health – Medical Center East, 3920 Dutchmans Lane, Louisville, KY 40207",
    "phone": "502-259-6000"
  },
  {
    "name": "UofL Physicians – Anesthesiology Associates",
    "address": "UofL Health – South Hospital, 1903 West Hebron Lane, Shepherdsville, KY 40165",
    "phone": "502-955-3000"
  },
  {
    "name": "UofL Physicians – Benign Hematology",
    "address": "UofL Health – Brown Cancer Center – Downtown, 529 South Jackson Street, Louisville, KY 40202",
    "phone": "502-562-4370"
  },
  {
    "name": "UofL Physicians – Cardiology",
    "address": "Springs Medical Center, 6420 New Dutchmans Pkwy, Suite 180, Louisville, KY 40205",
    "phone": "502-588-7010"
  },
  {
    "name": "UofL Physicians – Cardiology",
    "address": "2746 Virginia Avenue, Louisville, KY 40211",
    "phone": "502-588-7010"
  },
  {
    "name": "UofL Physicians – Cardiology",
    "address": "UofL Health – Medical Center Northeast, 2401 Terra Crossing Boulevard, Suite 406, Louisville, KY 40245",
    "phone": "502-588-7010"
  },
  {
    "name": "UofL Physicians – Cardiology",
    "address": "UofL Health – Heart Hospital, A Part of Jewish Hospital, UofL Health – Rudd Center, 201 Abraham Flexner Way, Suite 902, Louisville, KY 40202",
    "phone": "502-588-7010"
  },
  {
    "name": "UofL Physicians – Cardiology Associates",
    "address": "1428 North Gardner Street, Scottsburg, IN 47170",
    "phone": "502-916-1055"
  },
  {
    "name": "UofL Physicians – Cardiology Associates",
    "address": "170 Dr. Arla Way, Suite 101, Louisville, KY 40299",
    "phone": "502-916-1055"
  },
  {
    "name": "UofL Physicians – Cardiology Associates",
    "address": "279 Kings Daughters Drive, Suite 204, Frankfort, KY 40601",
    "phone": "502-875-9885"
  },
  {
    "name": "UofL Physicians – Cardiology Associates",
    "address": "107 Lincoln Way, Suite 8, Bardstown, KY 40004",
    "phone": "502-331-9503"
  },
  {
    "name": "UofL Physicians – Cardiology Associates",
    "address": "UofL Health – Heart Hospital, at Jewish Hospital, UofL Health – Rudd Center, 201 Abraham Flexner Way, Suite 901, Louisville, KY 40202",
    "phone": "502-916-1055"
  },
  {
    "name": "UofL Physicians – Cardiology Associates",
    "address": "UofL Health – Mary & Elizabeth Hospital, Medical Plaza 2, 1900 Bluegrass Avenue, Suite 103, Louisville, KY 40215",
    "phone": "502-367-4500"
  },
  {
    "name": "UofL Physicians – Cardiology Associates",
    "address": "UofL Health – Abraham Flexner Outpatient Center, 225 Abraham Flexner Way, Suite 305, Louisville, KY 40202",
    "phone": "502-585-4321"
  },
  {
    "name": "UofL Physicians – Cardiology Associates",
    "address": "UofL Health – Mary & Elizabeth Hospital, Medical Plaza 1, 4402 Churchman Avenue, Suite 205, Louisville, KY 40215",
    "phone": "502-380-1214"
  },
  {
    "name": "UofL Physicians – Cardiology Associates",
    "address": "Medical Office Building, 720 Hospital Drive, Suite 206, Shelbyville, KY 40065",
    "phone": "502-647-5580"
  },
  {
    "name": "UofL Physicians – Cardiology Associates",
    "address": "UofL Health – Medical Center East, 3920 Dutchmans Lane, Suite 316, Louisville, KY 40207",
    "phone": "502-585-4321"
  },
  {
    "name": "UofL Physicians – Cardiology Associates",
    "address": "UofL Health – Medical Center East, 3920 Dutchmans Lane, Suite 317, Louisville, KY 40207",
    "phone": "502-581-1951"
  },
  {
    "name": "UofL Physicians – Cardiology Associates",
    "address": "914 North Dixie Highway, Suite 201, Elizabethtown, KY 42701",
    "phone": "502-581-1951"
  },
  {
    "name": "UofL Physicians – Cardiology Associates",
    "address": "UofL Health – Medical Center Northeast, 2401 Terra Crossing Boulevard, Suite 406, Louisville, KY 40245",
    "phone": "502-585-4321"
  },
  {
    "name": "UofL Physicians – Cardiology Associates",
    "address": "95 Kingswood Drive, Campbellsville, KY 42718",
    "phone": "270-789-2788"
  },
  {
    "name": "UofL Physicians – Cardiology Associates",
    "address": "UofL Health – Heart Hospital, A Part of Jewish Hospital, UofL Health – Rudd Center, 201 Abraham Flexner Way, Suite 1101, Louisville, KY 40202",
    "phone": "502-581-1951"
  },
  {
    "name": "UofL Physicians – Cardiology Associates",
    "address": "5100 Outer Loop, Louisville, KY 40219",
    "phone": "502-581-1951"
  },
  {
    "name": "UofL Physicians – Cardiology Associates",
    "address": "UofL Health – South Hospital, Medical Plaza 1, 1905 W. Hebron Lane, Suite 104, Shepherdsville, KY 40165",
    "phone": "502-581-1951"
  },
  {
    "name": "UofL Physicians – Cardiology Associates",
    "address": "UofL Health – Heart Hospital, at Jewish Hospital, UofL Health – Rudd Center, 201 Abraham Flexner Way, Suite 903, Louisville, KY 40202",
    "phone": "502-916-1055"
  },
  {
    "name": "UofL Physicians – Cardiology Associates",
    "address": "8111 Bardstown Road, Louisville, KY 40291",
    "phone": "502-581-1951"
  },
  {
    "name": "UofL Physicians – Cardiology Associates",
    "address": "213 Hunter Station Road, Sellersburg, IN 47172",
    "phone": "812-248-2560"
  },
  {
    "name": "UofL Physicians – Cardiology Associates",
    "address": "UofL Health – Medical Center Southend, 5129 Dixie Highway, Louisville, KY 40216",
    "phone": "502-585-4321"
  },
  {
    "name": "UofL Physicians – Cardiology Associates",
    "address": "3066 Campbellsville Road, Columbia, KY 42728",
    "phone": "502-367-4500"
  },
  {
    "name": "UofL Physicians – Cardiology Associates",
    "address": "UofL Health – Heart Hospital, A Part of Jewish Hospital, UofL Health – Rudd Center, 201 Abraham Flexner Way, Suite 1105, Louisville, KY 40202",
    "phone": "502-367-4500"
  },
  {
    "name": "UofL Physicians – Cardiovascular and Thoracic Surgery",
    "address": "UofL Health – Heart Hospital, at Jewish Hospital, UofL Health – Rudd Center, 201 Abraham Flexner Way, Suite 1200, Louisville, KY 40202",
    "phone": "502-588-7600"
  },
  {
    "name": "UofL Physicians – Cardiovascular and Thoracic Surgery",
    "address": "UofL Health – Medical Center East, 3920 Dutchmans Lane, Suite 301, Louisville, KY 40207",
    "phone": "502-588-7600"
  },
  {
    "name": "UofL Physicians – Certified Nurse Midwife Program",
    "address": "UofL Health – Center for Women’s Health, UofL Health – Mary & Elizabeth Hospital, Medical Plaza 3, 4500 Churchman Avenue, Suite 300, Louisville, KY 40215",
    "phone": "502-977-5907"
  },
  {
    "name": "UofL Physicians – Colon & Rectal Surgery",
    "address": "UofL Health – Chestnut Street Outpatient Center, 401 East Chestnut Street, Suite 710, Louisville, KY 40202",
    "phone": "502-583-8303"
  },
  {
    "name": "UofL Physicians – Colon & Rectal Surgery",
    "address": "UofL Health – Medical Center Northeast, 2401 Terra Crossing Boulevard, Suite 401, Louisville, KY 40245",
    "phone": "502-583-8303"
  },
  {
    "name": "UofL Physicians – Colon & Rectal Surgery",
    "address": "UofL Health – Chestnut Street Outpatient Center, 401 East Chestnut Street, Suite 470, Louisville, KY 40202",
    "phone": "502-583-8303"
  },
  {
    "name": "UofL Physicians – Colorectal Surgery",
    "address": "UofL Health – Medical Center East, 3920 Dutchmans Lane, Suite 302, Louisville, KY 40207",
    "phone": "502-583-8303"
  },
  {
    "name": "UofL Physicians – Digestive & Liver Health",
    "address": "UofL Health – Chestnut Street Outpatient Center, 401 East Chestnut Street, Suite 310, Louisville, KY 40202",
    "phone": "502-588-4600"
  },
  {
    "name": "UofL Physicians – Digestive & Liver Health",
    "address": "UofL Health – Mary & Elizabeth Hospital, Medical Plaza 1, 4402 Churchman Avenue, Suite 400, Louisville, KY 40215",
    "phone": "502-588-7690"
  },
  {
    "name": "UofL Physicians – Ear, Nose & Throat",
    "address": "Medical Office Building, 720 Hospital Drive, Suite 100, Shelbyville, KY 40065",
    "phone": "502-588-4410"
  },
  {
    "name": "UofL Physicians – Ear, Nose & Throat",
    "address": "UofL Health – Chestnut Street Outpatient Center, 401 East Chestnut Street, Suite 170, Louisville, KY 40202",
    "phone": "502-588-4410"
  },
  {
    "name": "UofL Physicians – Ear, Nose & Throat",
    "address": "UofL Health – Medical Center East, 3920 Dutchmans Lane, Suite 308, Louisville, KY 40207",
    "phone": "502-588-4410"
  },
  {
    "name": "UofL Physicians – Ear, Nose & Throat",
    "address": "4612 Chamberlain Lane, Suite 204, Louisville, KY 40241",
    "phone": "502-425-5556"
  },
  {
    "name": "UofL Physicians – Ear, Nose & Throat",
    "address": "UofL Health – South Hospital, Medical Plaza 2, 1868 W. Hebron Lane, Suite 301, Shepherdsville, KY 40165",
    "phone": "502-425-5556"
  },
  {
    "name": "UofL Physicians – Ear, Nose & Throat",
    "address": "2400 Eastpoint Parkway, Suite 560, Louisville, KY 40223",
    "phone": "502-893-3342"
  },
  {
    "name": "UofL Physicians – Ear, Nose & Throat",
    "address": "4003 Kresge Way, Suite 227, Louisville, KY 40207",
    "phone": "502-893-3342"
  },
  {
    "name": "UofL Physicians – Ear, Nose & Throat",
    "address": "UofL Health – Medical Center Northeast, 2401 Terra Crossing Boulevard, Suite 408, Louisville, KY 40245",
    "phone": "502-583-3687"
  },
  {
    "name": "UofL Physicians – Ear, Nose & Throat",
    "address": "UofL Health – Chestnut Street Outpatient Center, 401 East Chestnut Street, Suite 170, Louisville, KY 40202",
    "phone": "502-583-3687"
  },
  {
    "name": "UofL Physicians – Ear, Nose & Throat",
    "address": "UofL Health – Medical Center East, 3920 Dutchmans Lane, Suite 308, Louisville, KY 40207",
    "phone": "502-583-3687"
  },
  {
    "name": "UofL Physicians – Endocrine & Diabetes Associates",
    "address": "Springs Medical Center, 6400 Dutchmans Parkway, Suite 345, Louisville, KY 40205",
    "phone": "502-587-6010"
  },
  {
    "name": "UofL Physicians – Endocrine & Diabetes Associates",
    "address": "UofL Health – Mary & Elizabeth Hospital, Medical Plaza 2, 1900 Bluegrass Avenue, Suite 108, Louisville, KY 40215",
    "phone": "502-361-2524"
  },
  {
    "name": "UofL Physicians – Endocrine & Diabetes Associates",
    "address": "330 Townepark Circle, Suite 100, Louisville, KY 40243",
    "phone": "502-245-8988"
  },
  {
    "name": "UofL Physicians – Endocrine Surgery and Surgical Oncology",
    "address": "Springs Medical Center, 6400 Dutchmans Parkway, Suite 345, Louisville, KY 40205",
    "phone": "502-583-8303"
  },
  {
    "name": "UofL Physicians – Endocrine Surgery and Surgical Oncology",
    "address": "UofL Health – Chestnut Street Outpatient Center, 401 East Chestnut Street, Suite 710, Louisville, KY 40202",
    "phone": "502-583-8303"
  },
  {
    "name": "UofL Physicians – Endocrine Surgery Associates",
    "address": "UofL Health – Chestnut Street Outpatient Center, 401 East Chestnut Street, Suite 240, Louisville, KY 40202",
    "phone": "502-815-7830"
  },
  {
    "name": "UofL Physicians – Endocrinology",
    "address": "UofL Health – Chestnut Street Outpatient Center, 401 East Chestnut Street, Suite 310, Louisville, KY 40202",
    "phone": "502-588-4600"
  },
  {
    "name": "UofL Physicians – Eye Specialists",
    "address": "Elizabethtown Health Center, 1239 Woodland Drive, Suite 114, Elizabethtown, KY 42701",
    "phone": "270-506-4087"
  },
  {
    "name": "UofL Physicians – Eye Specialists",
    "address": "2580 Michigan Road, Suite 2, Madison, IN 47250",
    "phone": "502-588-0550"
  },
  {
    "name": "UofL Physicians – Eye Specialists",
    "address": "Springs Medical Center, 6400 Dutchmans Parkway, Suite 310, Louisville, KY 40205",
    "phone": "502-742-2848"
  },
  {
    "name": "UofL Physicians – Eye Specialists",
    "address": "Springs Medical Center, 6420 New Dutchmans Pkwy, Suite 175, Louisville, KY 40205",
    "phone": "502-588-0955"
  },
  {
    "name": "UofL Physicians – Facial Plastic & Reconstructive Surgery",
    "address": "2429 Bush Ridge Drive, Suite 103, Louisville, KY 40245",
    "phone": "502-583-3687"
  },
  {
    "name": "UofL Physicians – Family Medicine",
    "address": "UofL Health – Sports Medicine Institute, Cardinal Station, 215 Central Avenue, Suite 100, Louisville, KY 40208",
    "phone": "502-588-8700"
  },
  {
    "name": "UofL Physicians – Family Medicine",
    "address": "UofL Health – Mary & Elizabeth Hospital, Medical Plaza 1, 4402 Churchman Avenue, Suite 410, Louisville, KY 40215",
    "phone": "502-588-8720"
  },
  {
    "name": "UofL Physicians – Family Medicine Centers for Primary Care",
    "address": "UofL Health – Sports Medicine Institute, Cardinal Station, 215 Central Avenue, Suite 100, Louisville, KY 40208",
    "phone": "502-588-8700"
  },
  {
    "name": "UofL Physicians – Gastroenterology Associates",
    "address": "UofL Health – South Hospital, Medical Plaza 1, 1905 W. Hebron Lane, Suite 205, Shepherdsville, KY 40165",
    "phone": "502-955-1355"
  },
  {
    "name": "UofL Physicians – Gastroenterology Associates",
    "address": "UofL Health – Mary & Elizabeth Hospital, Medical Plaza 1, 4402 Churchman Avenue, Suite 201, Louisville, KY 40215",
    "phone": "502-416-0207"
  },
  {
    "name": "UofL Physicians – Gastroenterology Associates",
    "address": "UofL Health – Shelbyville Hospital, 720 Hospital Drive, Suite 106, Shelbyville, KY 40065",
    "phone": "502-895-8970"
  },
  {
    "name": "UofL Physicians – Gastroenterology Associates",
    "address": "UofL Health – Medical Center East, 3920 Dutchmans Lane, Suite 300, Louisville, KY 40207",
    "phone": "502-895-8970"
  },
  {
    "name": "UofL Physicians – Gender Affirming Care",
    "address": "UofL Health – Chestnut Street Outpatient Center, 401 E. Chestnut St., Suite 370, Louisville, KY 40202",
    "phone": "502-588-4400"
  },
  {
    "name": "UofL Physicians – General Surgery",
    "address": "UofL Health – Chestnut Street Outpatient Center, 401 East Chestnut Street, Suite 710, Louisville, KY 40202",
    "phone": "502-583-8303"
  },
  {
    "name": "UofL Physicians – General Surgery",
    "address": "UofL Health – Jackson Street Outpatient Center, 550 South Jackson Street, 2nd Floor, Louisville, KY 40202",
    "phone": "502-583-8303"
  },
  {
    "name": "UofL Physicians – Gynecologic Oncology",
    "address": "UofL Health – Brown Cancer Center – Downtown, 529 South Jackson Street, Third Floor, Louisville, KY 40202",
    "phone": "502-561-7220"
  },
  {
    "name": "UofL Physicians – Gynecologic Oncology",
    "address": "UofL Health – Brown Cancer Center – Northeast, UofL Health – Medical Center Northeast, 2401 Terra Crossing Boulevard, Suite 408, Louisville, KY 40245",
    "phone": "502-561-7220"
  },
  {
    "name": "UofL Physicians – Gynecologic Oncology",
    "address": "UofL Health – Center for Women’s Health, UofL Health – Mary & Elizabeth Hospital, Medical Plaza 3, 4500 Churchman Avenue, Suite 202, Louisville, KY 40215",
    "phone": "502-561-7220"
  },
  {
    "name": "UofL Physicians – Gynecologic Oncology Associates",
    "address": "UofL Health – Brown Cancer Center – Downtown, 529 South Jackson Street, Louisville, KY 40202",
    "phone": "502-308-1290"
  },
  {
    "name": "UofL Physicians – Gynecologic Oncology Associates",
    "address": "UofL Health – South Hospital, Medical Plaza 1, 1905 W. Hebron Lane, Suite 202, Shepherdsville, KY 40165",
    "phone": "502-308-1290"
  },
  {
    "name": "UofL Physicians – Hearing & Balance",
    "address": "UofL Health – Medical Center East, 3920 Dutchmans Lane, Suite 308, Louisville, KY 40207",
    "phone": "502-583-3687"
  },
  {
    "name": "UofL Physicians – Hearing & Balance",
    "address": "UofL Physicians – Louisville Center for Voice Care, 9931 Forest Green Boulevard, Louisville, KY 40223",
    "phone": "502-583-3687"
  },
  {
    "name": "UofL Physicians – Hearing & Balance",
    "address": "UofL Health – Chestnut Street Outpatient Center, 401 East Chestnut Street, Suite 170, Louisville, KY 40202",
    "phone": "502-583-3687"
  },
  {
    "name": "UofL Physicians – Hemophilia Treatment Center",
    "address": "UofL Health – Medical Center Northeast, 2401 Terra Crossing Boulevard, Suite 202, Louisville, KY 40245",
    "phone": "502-210-4301"
  },
  {
    "name": "UofL Physicians – Infectious Diseases",
    "address": "UofL Health – Jackson Street Outpatient Center, 550 South Jackson Street, Louisville, KY 40202",
    "phone": "502-561-8844"
  },
  {
    "name": "UofL Physicians – Infectious Diseases",
    "address": "UofL Health – Chestnut Street Outpatient Center, 401 E. Chestnut Street, Suite 690, Louisville, KY 40202",
    "phone": "502-588-4710"
  },
  {
    "name": "UofL Physicians – Infectious Diseases",
    "address": "UofL Health – Rudd Center, 201 Abraham Flexner Way, Suite 903, Louisville, KY 40202",
    "phone": "502-815-9600"
  },
  {
    "name": "UofL Physicians – Infectious Diseases",
    "address": "UofL Health – South Hospital, Medical Plaza 1, 1905 West Hebron Lane, Suite 201, Shepherdsville, KY 40165",
    "phone": "502-588-4710"
  },
  {
    "name": "UofL Physicians – Infectious Diseases – Bone & Joint",
    "address": "UofL Health – Chestnut Street Outpatient Center, 401 East Chestnut Street, Suite 690, Louisville, KY 40202, 8:00 a.m.-12 p.m. Thursday-Friday",
    "phone": "502-588-4710"
  },
  {
    "name": "UofL Physicians – Internal Medicine",
    "address": "UofL Health – Chestnut Street Outpatient Center, Ambulatory Internal Medicine (Resident Clinic), 401 East Chestnut Street, Suite 310, Louisville, KY 40202",
    "phone": "502-588-4720"
  },
  {
    "name": "UofL Physicians – Kleinert Kutz Hand Care",
    "address": "Chamberlain Pointe Office, 4642 Chamberlain Lane, Suite 202, Louisville, KY 40241",
    "phone": "502-561-4200"
  },
  {
    "name": "UofL Physicians – Kleinert Kutz Hand Care",
    "address": "East Louisville Office, 4010 Dupont Circle, Suite 308B, Louisville, KY 40207",
    "phone": "502-561-4200"
  },
  {
    "name": "UofL Physicians – Kleinert Kutz Hand Care",
    "address": "Downtown Louisville Office, UofL Health – Abraham Flexner Outpatient Center, 225 Abraham Flexner Way, Suite 700, Louisville, KY 40202",
    "phone": "502-561-4200"
  },
  {
    "name": "UofL Physicians – Kleinert Kutz Hand Care",
    "address": "New Albany Office, 3605 Northgate Court, Suite 102, New Albany, IN 47150",
    "phone": "502-561-4200"
  },
  {
    "name": "UofL Physicians – Louisville Center for Voice Care",
    "address": "9931 Forest Green Boulevard, Louisville, KY 40223",
    "phone": "502-588-3305"
  },
  {
    "name": "UofL Physicians – Louisville Surgical Associates",
    "address": "130 Stonecrest Court, Suite 106, Shelbyville, KY 40065",
    "phone": "502-633-6062"
  },
  {
    "name": "UofL Physicians – Louisville Surgical Associates",
    "address": "UofL Health – Mary & Elizabeth Hospital, Medical Plaza 1, 4402 Churchman Avenue, Suite 202, Louisville, KY 40215",
    "phone": "502-366-1090"
  },
  {
    "name": "UofL Physicians – Louisville Surgical Associates",
    "address": "3605 Northgate Court, Suite 102, New Albany, IN 47150",
    "phone": "502-366-1090"
  },
  {
    "name": "UofL Physicians – Louisville Surgical Associates",
    "address": "UofL Health – Medical Center East, 3920 Dutchmans Lane, Suite 302, Louisville, KY 40207",
    "phone": "502-366-1090"
  },
  {
    "name": "UofL Physicians – Louisville Surgical Associates",
    "address": "UofL Health – South Hospital, Medical Plaza 1, 1905 W. Hebron Lane, Suite 206, Shepherdsville, KY 40165",
    "phone": "502-366-1090"
  },
  {
    "name": "UofL Physicians – Nephrology",
    "address": "UofL Health – Medical Center Northeast, 2401 Terra Crossing Boulevard, Suite 408, Louisville, KY 40245",
    "phone": "502-588-4710"
  },
  {
    "name": "UofL Physicians – Nephrology",
    "address": "UofL Health – Chestnut Street Outpatient Center, 401 East Chestnut Street, Suite 690, Louisville, KY 40202",
    "phone": "502-588-4710"
  },
  {
    "name": "UofL Physicians – Nephrology",
    "address": "University Kidney Center - Chestnut, 614 East Chestnut Street, Louisville, KY 40202",
    "phone": "502-589-5997"
  },
  {
    "name": "UofL Physicians – Nephrology",
    "address": "UofL Health – Mary & Elizabeth Hospital, Medical Plaza 1, 4402 Churchman Avenue, Suite 400, Louisville, KY 40215",
    "phone": "502-588-4710"
  },
  {
    "name": "UofL Physicians – Nephrology",
    "address": "University Kidney Center - Bluegrass, 1935 Bluegrass Avenue, Louisville, KY 40215",
    "phone": "502-368-5843"
  },
  {
    "name": "UofL Physicians – Nephrology",
    "address": "University Kidney Center - Hikes, 2271 Hikes Lane, Louisville, KY 40218",
    "phone": "502-459-5786"
  },
  {
    "name": "UofL Physicians – Nephrology",
    "address": "University Kidney Center - Broadway, 2821 West Broadway, Louisville, KY 40211",
    "phone": "502-774-8516"
  },
  {
    "name": "UofL Physicians – Nephrology",
    "address": "University Kidney Center – 3rd Street, 635 South 3rd Street, Louisville, KY 40202",
    "phone": "502-561-1316"
  },
  {
    "name": "UofL Physicians – Neurology",
    "address": "UofL Health – Brain & Spine Institute, UofL Health – Medical Center Northeast, 2401 Terra Crossing Boulevard, Suite 400, Louisville, KY 40245",
    "phone": "502-588-4800"
  },
  {
    "name": "UofL Physicians – Neurology",
    "address": "UofL Health – Brain & Spine Institute, UofL Health – Chestnut Street Outpatient Center, 401 East Chestnut Street, Suite 510, Louisville, KY 40202",
    "phone": "502-588-4800"
  },
  {
    "name": "UofL Physicians – Neurology",
    "address": "UofL Health – Brain & Spine Institute, UofL Health – Frazier Rehabilitation Institute, 220 Abraham Flexner Way, Suite 606, Louisville, KY 40202",
    "phone": "502-588-4800"
  },
  {
    "name": "UofL Physicians – Neurology",
    "address": "UofL Health – Brain & Spine Institute, UofL Health – South Hospital, Medical Plaza 1, 1905 West Hebron Lane, Suite 201, Shepherdsville, KY 40165",
    "phone": "502-588-4800"
  },
  {
    "name": "UofL Physicians – Neurology",
    "address": "UofL Health – Brain & Spine Institute, UofL Health – Shelbyville Hospital, 731 Hospital Drive, Suite 2, Shelbyville, KY 40065",
    "phone": "502-588-4800"
  },
  {
    "name": "UofL Physicians – Neurology Associates",
    "address": "UofL Health – Brain & Spine Institute, UofL Health – Medical Center Northeast, 2401 Terra Crossing Blvd., Suite 400, Louisville, KY 40245",
    "phone": "502-721-5899"
  },
  {
    "name": "UofL Physicians – Neurology Associates",
    "address": "UofL Health – Brain & Spine Institute, Springs Medical Center, 6400 Dutchmans Parkway, Suite 140, Louisville, KY 40205",
    "phone": "502-721-5899"
  },
  {
    "name": "UofL Physicians – Neuropsychology Associates",
    "address": "UofL Health – Brain & Spine Institute, UofL Health – Frazier Rehabilitation Institute, 220 Abraham Flexner Way, Louisville, KY 40202",
    "phone": "502-582-7484"
  },
  {
    "name": "UofL Physicians – Neurosurgery",
    "address": "UofL Health – Brain & Spine Institute, UofL Health – Brown Cancer Center – Downtown, 529 South Jackson Street, Louisville, KY 40202",
    "phone": "502-588-2160"
  },
  {
    "name": "UofL Physicians – Neurosurgery",
    "address": "UofL Health – Brain & Spine Institute, UofL Health – Medical Center East, 3920 Dutchmans Lane, Suite 306, Louisville, KY 40207",
    "phone": "502-588-2160"
  },
  {
    "name": "UofL Physicians – Neurosurgery",
    "address": "UofL Health – Brain & Spine Institute, UofL Health – Abraham Flexner Outpatient Center, 225 Abraham Flexner Way, Suite 505, Louisville, KY 40202",
    "phone": "502-588-2160"
  },
  {
    "name": "UofL Physicians – Neurosurgery",
    "address": "UofL Health – Brain & Spine Institute, UofL Health – Mary & Elizabeth Hospital, Medical Plaza 1, 4402 Churchman Avenue, Suite 400, Louisville, KY 40215",
    "phone": "502-588-2160"
  },
  {
    "name": "UofL Physicians – Neurosurgery",
    "address": "UofL Health – Brain & Spine Institute, UofL Health – South Hospital, Medical Plaza 1, 1905 West Hebron Lane, Suite 201, Shepherdsville, KY 40165",
    "phone": "502-588-2160"
  },
  {
    "name": "UofL Physicians – OB/GYN & Women’s Health",
    "address": "UofL Health – Chestnut Street Outpatient Center, 401 East Chestnut Street, Suites 410 & 470, Louisville, KY 40202",
    "phone": "502-588-4400"
  },
  {
    "name": "UofL Physicians – OB/GYN & Women’s Health",
    "address": "UofL Health – South Hospital, Medical Plaza 1, 1905 W. Hebron Lane, Suite 206, Shepherdsville, KY 40165",
    "phone": "502-977-5907"
  },
  {
    "name": "UofL Physicians – OB/GYN & Women’s Health",
    "address": "UofL Health – Center for Women’s Health, UofL Health – Mary & Elizabeth Hospital, Medical Plaza 3, 4500 Churchman Avenue, Suite 300, Louisville, KY 40215",
    "phone": "502-977-5907"
  },
  {
    "name": "UofL Physicians – OB/GYN & Women’s Health",
    "address": "Carroll County Memorial Hospital, 309 11th Street, Carrollton, KY 41008",
    "phone": "502-977-5907"
  },
  {
    "name": "UofL Physicians – Orthopedics",
    "address": "UofL Health – Medical Center Northeast, 2401 Terra Crossing Boulevard, Suite 350, Louisville, KY 40245",
    "phone": "502-588-3630"
  },
  {
    "name": "UofL Physicians – Orthopedics",
    "address": "UofL Health – Brain & Spine Institute, UofL Health – Mary & Elizabeth Hospital, Medical Plaza 1, 4402 Churchman Avenue, Suite 300, Louisville, KY 40215",
    "phone": "502-363-0588"
  },
  {
    "name": "UofL Physicians – Orthopedics",
    "address": "UofL Health – Rudd Center, 201 Abraham Flexner Way, Suite 100, Louisville, KY 40202",
    "phone": "502-588-3630"
  },
  {
    "name": "UofL Physicians – Orthopedics",
    "address": "UofL Health – Sports Medicine Institute, Cardinal Station, 215 Central Avenue, Suite 201, Louisville, KY 40208",
    "phone": "502-588-3630"
  },
  {
    "name": "UofL Physicians – Orthopedics",
    "address": "UofL Health – Brain & Spine Institute, UofL Health – Medical Center East, 3920 Dutchmans Lane, Suite 310, Louisville, KY 40207",
    "phone": "502-588-3630"
  },
  {
    "name": "UofL Physicians – Orthopedics",
    "address": "UofL Health – Shelbyville Hospital, 731 Hospital Drive, Suite 2, Shelbyville, KY 40065, 8:00 a.m.-5 p.m. Second and Fourth Tuesdays",
    "phone": "502-588-3630"
  },
  {
    "name": "UofL Physicians – Orthopedics",
    "address": "UofL Health – Medical Center Southend, 5129 Dixie Highway, Suite 105, Louisville, KY 40216",
    "phone": "502-588-4814"
  },
  {
    "name": "UofL Physicians – Orthopedics",
    "address": "2857 Charlestown Road, Suite 300, New Albany, IN 47150",
    "phone": "502-588-3630"
  },
  {
    "name": "UofL Physicians – Orthopedics",
    "address": "UofL Health – South Hospital, Medical Plaza 2, 1868 W. Hebron Lane, Suite 100, Shepherdsville, KY 40165",
    "phone": "502-955-3312"
  },
  {
    "name": "UofL Physicians – Orthopedics",
    "address": "847 Taylorsville Road, Taylorsville, KY 40071",
    "phone": "502-647-7708"
  },
  {
    "name": "UofL Physicians – Orthopedics",
    "address": "Springs Medical Center, 6420 New Dutchmans Pkwy, Suite 70, Louisville, KY 40207",
    "phone": "502-588-3630"
  },
  {
    "name": "UofL Physicians – Orthopedics",
    "address": "130 Stonecrest Road, Suite 106, Shelbyville, KY 40065",
    "phone": "502-647-7708"
  },
  {
    "name": "UofL Physicians – Orthopedics",
    "address": "UofL Health – Rudd Center, 201 Abraham Flexner Way, Suite 100, Louisville, KY 40202",
    "phone": "502-587-8222"
  },
  {
    "name": "UofL Physicians – Orthopedics",
    "address": "UofL Health – Medical Center Northeast, 2401 Terra Crossing Boulevard, Suite 101, Louisville, KY 40245",
    "phone": "502-210-4600"
  },
  {
    "name": "UofL Physicians – Orthopedics",
    "address": "UofL Health – Medical Center East, 3920 Dutchmans Lane, Suite 310, Louisville, KY 40207",
    "phone": "502-259-6888"
  },
  {
    "name": "UofL Physicians – Orthopedics",
    "address": "UofL Health – Mary & Elizabeth Hospital, Medical Plaza 1, 4402 Churchman Avenue, Suite 300, Louisville, KY 40215",
    "phone": "502-363-0588"
  },
  {
    "name": "UofL Physicians – Orthopedics",
    "address": "UofL Health – Sports Medicine Institute, Cardinal Station, 215 Central Avenue, Suite 201, Louisville, KY 40208",
    "phone": "502-637-7678"
  },
  {
    "name": "UofL Physicians – Orthopedics",
    "address": "UofL Health – Jackson Street Outpatient Center, 550 South Jackson Street, 1st Floor, Louisville, KY 40202",
    "phone": "502-588-3630"
  },
  {
    "name": "UofL Physicians – Orthopedics",
    "address": "Baptist Medical Pavilion, 4001 Kresge Way, Suite 132, Louisville, KY 40207",
    "phone": "502-588-4521"
  },
  {
    "name": "UofL Physicians – Outpatient Diagnostic Center",
    "address": "UofL Health – Medical Center Southend, 5129 Dixie Highway, Louisville, KY 40216",
    "phone": "502-588-0340"
  },
  {
    "name": "UofL Physicians – Pain Management",
    "address": "UofL Health – Mary & Elizabeth Hospital, Medical Plaza 4, 4331 Churchman Ave, Suite 101, Louisville, KY 40215",
    "phone": "502-815-7336"
  },
  {
    "name": "UofL Physicians – Pain Management",
    "address": "1169 Eastern Parkway, Suite 2211, Louisville, KY 40217",
    "phone": "502-635-2775"
  },
  {
    "name": "UofL Physicians – Pain Management Associates",
    "address": "UofL Health – Shelbyville Hospital, 720 Hospital Drive, Suite 100, Shelbyville, KY 40065",
    "phone": "502-974-5374"
  },
  {
    "name": "UofL Physicians – Pain Management Associates",
    "address": "UofL Health – Medical Center Northeast, 2401 Terra Crossing Boulevard, Suite 409, Louisville, KY 40245",
    "phone": "502-815-7336"
  },
  {
    "name": "UofL Physicians – Pain Management Associates",
    "address": "1169 Eastern Parkway, Suite 2211, Louisville, KY 40217",
    "phone": "502-635-2775"
  },
  {
    "name": "UofL Physicians – Pain Management Associates",
    "address": "UofL Health – Mary & Elizabeth Hospital, Medical Plaza 4, 4331 Churchman Ave, Suite 101, Louisville, KY 40215",
    "phone": "502-815-7336"
  },
  {
    "name": "UofL Physicians – Palliative Care",
    "address": "UofL Trager Institute/Optimal Aging Clinic Republic Bank Foundation, 204 East Market Street, Suite 3A, Louisville, KY 40202",
    "phone": "502-587-4391"
  },
  {
    "name": "UofL Physicians – Palliative Care",
    "address": "UofL Health – Jackson Street Outpatient Center, 550 South Jackson Street, Louisville, KY 40202",
    "phone": "502-561-8800"
  },
  {
    "name": "UofL Physicians – Palliative Care",
    "address": "UofL Health – Brown Cancer Center – Downtown, 529 South Jackson Street, 3rd Floor, Louisville, KY 40202",
    "phone": "502-562-4370"
  },
  {
    "name": "UofL Physicians – Pathology",
    "address": "UofL Health – Medical Center East, 3920 Dutchmans Lane, Louisville, KY 40207",
    "phone": "502-582-7406"
  },
  {
    "name": "UofL Physicians – Pathology",
    "address": "UofL Health – Jewish Hospital, 200 Abraham Flexner Way, Louisville, KY 40202",
    "phone": "502-852-8235"
  },
  {
    "name": "UofL Physicians – Pathology",
    "address": "UofL Health – UofL Hospital, 530 South Jackson Street, Louisville, KY 40202",
    "phone": "502-852-8235"
  },
  {
    "name": "UofL Physicians – Physical Medicine & Rehabilitation",
    "address": "UofL Health – Brain & Spine Institute, UofL Health – Abraham Flexner Outpatient Center, 225 Abraham Flexner Way, Suite 505, Louisville, KY 40202",
    "phone": "502-588-2160"
  },
  {
    "name": "UofL Physicians – Physical Medicine & Rehabilitation",
    "address": "UofL Health – Brain & Spine Institute, UofL Health – Medical Center East, 3920 Dutchmans Lane, Suite 306, Louisville, KY 40207",
    "phone": "502-588-2160"
  },
  {
    "name": "UofL Physicians – Plastic & Reconstructive Surgery",
    "address": "UofL Health – Mary & Elizabeth Hospital, Medical Plaza 1, 4402 Churchman Avenue, Suite 300, Louisville, KY 40215",
    "phone": "502-583-8303"
  },
  {
    "name": "UofL Physicians – Plastic & Reconstructive Surgery",
    "address": "UofL Health – Chestnut Street Outpatient Center, 401 East Chestnut Street, Suite 790, Louisville, KY 40202",
    "phone": "502-583-8303"
  },
  {
    "name": "UofL Physicians – Plastic & Reconstructive Surgery",
    "address": "UofL Health – Medical Center Northeast, 2401 Terra Crossing Boulevard, Suite 401, Louisville, KY 40245",
    "phone": "502-583-8303"
  },
  {
    "name": "UofL Physicians – Podiatric Medicine & Surgery",
    "address": "UofL Health – Sports Medicine Institute, Cardinal Station, 215 Central Avenue, Suite 100, Louisville, KY 40208",
    "phone": "502-897-1616"
  },
  {
    "name": "UofL Physicians – Podiatric Medicine & Surgery",
    "address": "4119 Browns Lane, Building 2, Louisville, KY 40220",
    "phone": "502-897-1616"
  },
  {
    "name": "UofL Physicians – Podiatric Medicine & Surgery",
    "address": "2857 Charlestown Road, Suite 300, New Albany, IN 47150",
    "phone": "502-897-1616"
  },
  {
    "name": "UofL Physicians – Primary Care",
    "address": "UofL Health – Mary & Elizabeth Hospital, Medical Plaza 3, 4500 Churchman Avenue, Suite 101, Louisville, KY 40215",
    "phone": "502-361-1389"
  },
  {
    "name": "UofL Physicians – Primary Care",
    "address": "UofL Health – Medical Center Northeast, 2401 Terra Crossing Boulevard, Suite 410, Louisville, KY 40245",
    "phone": "502-588-4500"
  },
  {
    "name": "UofL Physicians – Primary Care",
    "address": "847 Taylorsville Road, Taylorsville, KY 40071",
    "phone": "502-588-8705"
  },
  {
    "name": "UofL Physicians – Primary Care",
    "address": "10300 Dixie Highway, Louisville, KY 40272",
    "phone": "502-995-7775"
  },
  {
    "name": "UofL Physicians – Primary Care",
    "address": "150 Fairview Court, Eminence, KY 40019",
    "phone": "502-845-5672"
  },
  {
    "name": "UofL Physicians – Primary Care",
    "address": "1707 Cedar Grove Road, Suite 10, Shepherdsville, KY 40165",
    "phone": "502-543-3246"
  },
  {
    "name": "UofL Physicians – Primary Care",
    "address": "UofL Health – Medical Center Northeast, 2401 Terra Crossing Boulevard, Suite 411, Louisville, KY 40245",
    "phone": "502-244-0911"
  },
  {
    "name": "UofL Physicians – Primary Care",
    "address": "187 Adam Shepherd Parkway, Suite 5, Shepherdsville, KY 40165",
    "phone": "502-543-4119"
  },
  {
    "name": "UofL Physicians – Primary Care",
    "address": "UofL Health – Rudd Center, 201 Abraham Flexner Way, Suite 904, Louisville, KY 40202",
    "phone": "502-589-3844"
  },
  {
    "name": "UofL Physicians – Primary Care",
    "address": "UofL Health – Abraham Flexner Outpatient Center, 225 Abraham Flexner Way, Suite 304, Louisville, KY 40202",
    "phone": "502-585-1200"
  },
  {
    "name": "UofL Physicians – Primary Care",
    "address": "UofL Health – Medical Center Northeast, 2401 Terra Crossing Boulevard, Suite 402, Louisville, KY 40245",
    "phone": "502-210-4530"
  },
  {
    "name": "UofL Physicians – Primary Care",
    "address": "UofL Health – Medical Center East, 3920 Dutchmans Lane, Suite 305, Louisville, KY 40207",
    "phone": "502-899-4177"
  },
  {
    "name": "UofL Physicians – Primary Care",
    "address": "4423 Bardstown Road, Louisville, KY 40218",
    "phone": "502-495-2400"
  },
  {
    "name": "UofL Physicians – Primary Care",
    "address": "5100 Outer Loop, Louisville, KY 40219",
    "phone": "502-968-6226"
  },
  {
    "name": "UofL Physicians – Primary Care",
    "address": "UofL Physicians – Primary Care – Sun Valley, UofL Health – Medical Center Southend, 5129 Dixie Highway, Suite 100, Louisville, KY 40216",
    "phone": "502-933-6400"
  },
  {
    "name": "UofL Physicians – Primary Care",
    "address": "60 Mack Walters Road, Shelbyville, KY 40065, Primary Care: 502-633-4622 | Occupational Medicine: 502-992-7611",
    "phone": ""
  },
  {
    "name": "UofL Physicians – Primary Care",
    "address": "6801 Dixie Highway, Suite 133, Louisville, KY 40258",
    "phone": "502-937-3864"
  },
  {
    "name": "UofL Physicians – Primary Care",
    "address": "8111 Bardstown Road, Louisville, KY 40291",
    "phone": "502-231-7680"
  },
  {
    "name": "UofL Physicians – Primary Care",
    "address": "8113 Bardstown Road, Louisville, KY 40291",
    "phone": "502-239-9920"
  },
  {
    "name": "UofL Physicians – Primary Care",
    "address": "900 Fairdale Road, Fairdale, KY 40118",
    "phone": "502-366-8778"
  },
  {
    "name": "UofL Physicians – Primary Care",
    "address": "9520 Ormsby Station Road, Suite 175, Louisville, KY 40223",
    "phone": "502-426-0606"
  },
  {
    "name": "UofL Physicians – Primary Care",
    "address": "9569 Taylorsville Road, Suite 109, Louisville, KY 40299",
    "phone": "502-261-0655"
  },
  {
    "name": "UofL Physicians – Primary Care",
    "address": "UofL Health – Mary & Elizabeth Hospital, Medical Plaza 2, 1900 Bluegrass Avenue, Suite 300, Louisville, KY 40215",
    "phone": "502-361-1222"
  },
  {
    "name": "UofL Physicians – Primary Care",
    "address": "UofL Health – Medical Center East, 3920 Dutchmans Lane, Suite 315, Louisville, KY 40207",
    "phone": "502-896-4246"
  },
  {
    "name": "UofL Physicians – Primary Care",
    "address": "UofL Health – Chestnut Street Outpatient Center, 401 East Chestnut Street, Suite 370, Louisville, KY 40202",
    "phone": "502-588-4500"
  },
  {
    "name": "UofL Physicians – Primary Care",
    "address": "9409 Shelbyville Road, Suite 104, Louisville, KY 40222",
    "phone": "502-588-4992"
  },
  {
    "name": "UofL Physicians – Primary Care – Concierge Medicine",
    "address": "UofL Health – Medical Center Northeast, 2401 Terra Crossing Boulevard, Suite 405, Louisville, KY 40245",
    "phone": "502-210-4430"
  },
  {
    "name": "UofL Physicians – Primary Care – Concierge Medicine",
    "address": "Springs Medical Center, 6420 New Dutchmans Pkwy, Suite 395, Louisville, KY 40205",
    "phone": "502-897-0272"
  },
  {
    "name": "UofL Physicians – Primary Care – Parkland",
    "address": "2746 Virginia Avenue, Louisville, KY 40211",
    "phone": "502-815-7042"
  },
  {
    "name": "UofL Physicians – Primary Care Associates",
    "address": "UofL Health – Shelbyville Hospital, 515 Hospital Drive, Suite 1, Shelbyville, KY 40065",
    "phone": "502-633-3525"
  },
  {
    "name": "UofL Physicians – Primary Care Associates",
    "address": "UofL Health – South Hospital, Medical Plaza 2, 1868 West Hebron Lane, Suite 301, Shepherdsville, KY 40165",
    "phone": "502-957-2084"
  },
  {
    "name": "UofL Physicians – Primary Care Associates",
    "address": "4010 Dupont Circle, Suite 308, Louisville, KY 40207",
    "phone": "502-896-8041"
  },
  {
    "name": "UofL Physicians – Primary Care Associates",
    "address": "532 North Bardstown Road, Mt. Washington, KY 40047",
    "phone": "502-955-5800"
  },
  {
    "name": "UofL Physicians – Primary Care Associates",
    "address": "815 Hillcrest Drive, Brandenburg, KY 40108",
    "phone": "270-422-4111"
  },
  {
    "name": "UofL Physicians – Primary Care Associates",
    "address": "1505 South 7th Street, Louisville, KY 40208",
    "phone": "502-637-1005"
  },
  {
    "name": "UofL Physicians – Primary Care Associates",
    "address": "131 Depot Ave., Lebanon Junction, KY 40150",
    "phone": "502-957-2084"
  },
  {
    "name": "UofL Physicians – Primary Care Associates",
    "address": "10100 Dixie Highway, Louisville, KY 40272",
    "phone": "502-937-4766"
  },
  {
    "name": "UofL Physicians – Primary Care Associates",
    "address": "UofL Health – Medical Center Northeast, 2401 Terra Crossing Boulevard, Suite 410, Louisville, KY 40245",
    "phone": "502-588-4618"
  },
  {
    "name": "UofL Physicians – Psychiatry",
    "address": "UofL Health – Shelbyville Hospital, 515 Hospital Drive, Shelbyville, KY 40065",
    "phone": "502-815-9801"
  },
  {
    "name": "UofL Physicians – Psychiatry and Depression Center",
    "address": "UofL Health – Chestnut Street Outpatient Center, 401 East Chestnut Street, Suite 610, Louisville, KY 40202",
    "phone": "502-588-4450"
  },
  {
    "name": "UofL Physicians – Pulmonary Associates",
    "address": "UofL Health – Shelbyville Hospital, 731 Hospital Drive, Suite 1, Shelbyville, KY 40065",
    "phone": "502-647-4154"
  },
  {
    "name": "UofL Physicians – Pulmonology",
    "address": "UofL Health – Brown Cancer Center – Downtown, 529 South Jackson Street, 3rd Floor, Louisville, KY 40202",
    "phone": "502-588-4710"
  },
  {
    "name": "UofL Physicians – Pulmonology",
    "address": "UofL Health – Chestnut Street Outpatient Center, 401 East Chestnut Street, Suite 310, Louisville, KY 40202",
    "phone": "502-588-4710"
  },
  {
    "name": "UofL Physicians – Sleep Center",
    "address": "300 East Market Street, Suite 490, Louisville, KY 40202",
    "phone": "502-588-0480"
  },
  {
    "name": "UofL Physicians – Sleep Medicine",
    "address": "Medical Office Building, 720 Hospital Drive, Suite 201, Shelbyville, KY 40065",
    "phone": "502-588-0480"
  },
  {
    "name": "UofL Physicians – Sleep Medicine Associates",
    "address": "UofL Health – South Hospital, Medical Plaza 1, 1905 W. Hebron Lane, 2nd Floor, Suite 207, Shepherdsville, KY 40165",
    "phone": "502-259-6610"
  },
  {
    "name": "UofL Physicians – Speech-Language Pathology",
    "address": "UofL Health – Chestnut Street Outpatient Center, 401 East Chestnut Street, Suite 170, Louisville, KY 40202",
    "phone": "502-583-3687"
  },
  {
    "name": "UofL Physicians – Sports Medicine",
    "address": "UofL Health – Sports Medicine Institute, Cardinal Station, 215 Central Avenue, Suite 201, Louisville, KY 40208",
    "phone": "502-637-7678"
  },
  {
    "name": "UofL Physicians – Sports Medicine",
    "address": "UofL Health – Rudd Center, 201 Abraham Flexner Way, Suite 100, Louisville, KY 40202",
    "phone": "502-587-8222"
  },
  {
    "name": "UofL Physicians – Sports Medicine",
    "address": "UofL Health – Brain & Spine Institute, UofL Health – Sports Medicine Institute, Cardinal Station, 215 Central Avenue, Suite 201, Louisville, KY 40208",
    "phone": "502-637-7678"
  },
  {
    "name": "UofL Physicians – Surgical Oncology",
    "address": "UofL Health – Chestnut Street Outpatient Center, 401 East Chestnut Street, Suite 710, Louisville, KY 40202",
    "phone": "502-583-8303"
  },
  {
    "name": "UofL Physicians – Surgical Oncology",
    "address": "UofL Health – Brown Cancer Center – Northeast, UofL Health – Medical Center Northeast, 2401 Terra Crossing Boulevard, Suite 401, Louisville, KY 40245",
    "phone": "502-583-8303"
  },
  {
    "name": "UofL Physicians – Surgical Oncology",
    "address": "UofL Health – Mary & Elizabeth Hospital, Medical Plaza 2, 1900 Bluegrass Avenue, Suite 204, Louisville, KY 40215",
    "phone": "502-583-8303"
  },
  {
    "name": "UofL Physicians – Surgical Oncology",
    "address": "Children's Hospital Foundation Building, 601 South Floyd Street, Louisville, KY 40202",
    "phone": "502-583-8303"
  },
  {
    "name": "UofL Physicians – Urogynecology",
    "address": "Springs Medical Center, 6420 New Dutchmans Pkwy, Suite 190, Louisville, KY 40205",
    "phone": "502-588-7660"
  },
  {
    "name": "UofL Physicians – Urogynecology Associates",
    "address": "UofL Health – Center for Women’s Health, UofL Health – Mary & Elizabeth Hospital, Medical Plaza 3, 4500 Churchman Avenue, Suite 202, Louisville, KY 40215",
    "phone": "502-977-5907"
  },
  {
    "name": "UofL Physicians – Urology",
    "address": "UofL Health – Chestnut Street Outpatient Center, 401 East Chestnut Street, Suite 520, Louisville, KY 40202",
    "phone": "502-588-4740"
  },
  {
    "name": "UofL Physicians – Urology",
    "address": "UofL Health – Medical Center East, 3920 Dutchmans Lane, Suite 309, Louisville, KY 40207",
    "phone": "502-588-4740"
  },
  {
    "name": "UofL Physicians – Urology",
    "address": "UofL Health – Medical Center Northeast, 2401 Terra Crossing Boulevard, Suite 402, Louisville, KY 40245",
    "phone": "502-405-9450"
  },
  {
    "name": "UofL Physicians – Urology",
    "address": "UofL Health – South Hospital, Medical Plaza 2, 1868 W Hebron Lane, Suite 302, Shepherdsville, KY 40165",
    "phone": "502-588-4740"
  },
  {
    "name": "UofL Physicians – Urology Associates",
    "address": "UofL Health – Shelbyville Hospital, 731 Hospital Drive, Suite 2, Shelbyville, KY 40065",
    "phone": "502-405-9450"
  },
  {
    "name": "UofL Physicians – Vaccine & International Travel Center",
    "address": "501 East Broadway, Suite 110, Louisville, KY 40202",
    "phone": "502-852-6464"
  },
  {
    "name": "UofL Physicians – Vascular Surgery",
    "address": "UofL Health – Heart Hospital, A Part of Jewish Hospital, UofL Health – Rudd Center, 201 Abraham Flexner Way, Suite 1004, Louisville, KY 40202",
    "phone": "502-589-3173"
  },
  {
    "name": "UofL Physicians – Vascular Surgery",
    "address": "UofL Health – Chestnut Street Outpatient Center, 401 East Chestnut Street, Suite 710, Louisville, KY 40202",
    "phone": "502-583-8303"
  },
  {
    "name": "UofL Physicians – Vascular Surgery",
    "address": "UofL Health – Mary & Elizabeth Hospital, Medical Plaza 2, 1900 Bluegrass Avenue, Suite 204, Louisville, KY 40215",
    "phone": "502-361-6483"
  },
  {
    "name": "UofL Physicians – Vascular Surgery",
    "address": "UofL Health – Shelbyville Hospital, 731 Hospital Drive, Suite 2, Shelbyville, KY 40065",
    "phone": "502-589-3173"
  },
  {
    "name": "UofL Physicians – Vascular Surgery",
    "address": "UofL Health – Medical Center East, 3920 Dutchmans Lane, Suite 301, Louisville, KY 40207",
    "phone": "502-589-3173"
  },
  {
    "name": "UofL Physicians – Vascular Surgery",
    "address": "201 South 5th Street, Suite 10, Bardstown, KY 40004",
    "phone": "502-589-3173"
  },
  {
    "name": "UofL Physicians – Vascular Surgery",
    "address": "UofL Health – South Hospital, Medical Plaza 1, 1905 W. Hebron Lane, Suite 203, Shepherdsville, KY 40165",
    "phone": "502-589-3173"
  },
  {
    "name": "UofL Physicians – Women’s Sexual Health Clinic",
    "address": "UofL Health – Brown Cancer Center – Downtown, 529 South Jackson Street, Third Floor, Louisville, KY 40202",
    "phone": "502-308-1290"
  },
  {
    "name": "UofL Trager Institute/Optimal Aging Clinic Republic Bank Foundation",
    "address": "204 East Market Street, Suite A, Louisville, KY 40202",
    "phone": "502-588-4340"
  }
]